GROUP,PARAMETER,DEFINITION,VALUE,UNITS,CAL_MIN,CAL_MAX
GlobalParameter,GlobalParameter,AVG_ANNUAL_RUNOFF,,mm,,
GlobalParameter,GlobalParameter,SNOW_SWI,0.9968563,,0,1
GlobalParameter,GlobalParameter,RAINSNOW_TEMP,3.950777,,0,4
GlobalParameter,GlobalParameter,RAINSNOW_DELTA,3.988903,,0,4
GlobalParameter,GlobalParameter,RESERVOIR_DEMAND_MULT,1,,,
ClimateParameter,LinearTransform,pr,1,,1,1.15
ChannelParameter,ChannelProfile,,DEFAULT_TRAP,,,
ChannelParameter,Bedslope,,0.001,,,
ChannelParameter,SurveyPoints,0,5,,,
ChannelParameter,SurveyPoints,55,0,,,
ChannelParameter,SurveyPoints,65,0,,,
ChannelParameter,SurveyPoints,120,5,,,
ChannelParameter,RoughnessZones,0,0.035,,,
LandUseParameter,CC_DECAY_COEFF,[DEFAULT],4555.923,1/d,800,10000
SoilParameter,SAT_WILT,[DEFAULT],0.5,mm,0,1
SoilParameter,MAX_CAP_RISE_RATE,[DEFAULT],9.70283,mm,1,10
SoilParameter,FIELD_CAPACITY,[DEFAULT],0.8,mm,0,1
SoilParameter,MAX_PERC_RATE,[DEFAULT],685.877,mm_per_d,0,2000
SoilParameter,BASEFLOW_N,[DEFAULT],1.117983,none,0,10
SoilParameter,HBV_BETA,[DEFAULT],6.481637,none,0,10
SoilParameter,POROSITY,[DEFAULT],0.8964571,none,0.1,0.9
SoilParameter,ALBEDO_DRY,[DEFAULT],0.2060351,none,0.1,0.9
SoilParameter,ALBEDO_WET,[DEFAULT],0.4324836,none,0.1,0.9
SoilParameter,BASEFLOW_COEFF,[DEFAULT],0.02784434,1/d,0,5
SoilParameter,BASEFLOW_COEFF,SIL-mod-shallow_A,GROUP_A,1/d,GROUP_A,GROUP_A
SoilParameter,BASEFLOW_COEFF,SIL-mod-shallow_B,GROUP_B,1/d,GROUP_B,GROUP_B
SoilParameter,BASEFLOW_COEFF,SIL-mod-shallow_C,GROUP_C,1/d,GROUP_C,GROUP_C
SoilParameter,BASEFLOW_COEFF,SAN-mod-shallow_A,GROUP_A,1/d,GROUP_A,GROUP_A
SoilParameter,BASEFLOW_COEFF,SAN-mod-shallow_B,GROUP_B,1/d,GROUP_B,GROUP_B
SoilParameter,BASEFLOW_COEFF,SAN-mod-shallow_C,GROUP_C,1/d,GROUP_C,GROUP_C
SoilParameter,BASEFLOW_COEFF,SAN-high-shallow_A,GROUP_A,1/d,GROUP_A,GROUP_A
SoilParameter,BASEFLOW_COEFF,SAN-high-shallow_B,GROUP_B,1/d,GROUP_B,GROUP_B
SoilParameter,BASEFLOW_COEFF,SAN-high-shallow_C,GROUP_C,1/d,GROUP_C,GROUP_C
SoilParameter,BASEFLOW_COEFF,SAN-high-medium_A,GROUP_A,1/d,GROUP_A,GROUP_A
SoilParameter,BASEFLOW_COEFF,SAN-high-medium_B,GROUP_B,1/d,GROUP_B,GROUP_B
SoilParameter,BASEFLOW_COEFF,SAN-high-medium_C,GROUP_C,1/d,GROUP_C,GROUP_C
SoilParameter,BASEFLOW_COEFF,SIL-high-shallow_A,GROUP_A,1/d,GROUP_A,GROUP_A
SoilParameter,BASEFLOW_COEFF,SIL-high-shallow_B,GROUP_B,1/d,GROUP_B,GROUP_B
SoilParameter,BASEFLOW_COEFF,SIL-high-shallow_C,GROUP_C,1/d,GROUP_C,GROUP_C
SoilParameter,BASEFLOW_COEFF,SAN-low-medium_A,GROUP_A,1/d,GROUP_A,GROUP_A
SoilParameter,BASEFLOW_COEFF,SAN-low-medium_B,GROUP_B,1/d,GROUP_B,GROUP_B
SoilParameter,BASEFLOW_COEFF,SAN-low-medium_C,GROUP_C,1/d,GROUP_C,GROUP_C
SoilParameter,BASEFLOW_COEFF,SAN-mod-medium_A,GROUP_A,1/d,GROUP_A,GROUP_A
SoilParameter,BASEFLOW_COEFF,SAN-mod-medium_B,GROUP_B,1/d,GROUP_B,GROUP_B
SoilParameter,BASEFLOW_COEFF,SAN-mod-medium_C,GROUP_C,1/d,GROUP_C,GROUP_C
SoilParameter,BASEFLOW_COEFF,SIL-mod-medium_A,GROUP_A,1/d,GROUP_A,GROUP_A
SoilParameter,BASEFLOW_COEFF,SIL-mod-medium_B,GROUP_B,1/d,GROUP_B,GROUP_B
SoilParameter,BASEFLOW_COEFF,SIL-mod-medium_C,GROUP_C,1/d,GROUP_C,GROUP_C
SoilParameter,BASEFLOW_COEFF,CLA-mod-shallow_A,GROUP_A,1/d,GROUP_A,GROUP_A
SoilParameter,BASEFLOW_COEFF,CLA-mod-shallow_B,GROUP_B,1/d,GROUP_B,GROUP_B
SoilParameter,BASEFLOW_COEFF,CLA-mod-shallow_C,GROUP_C,1/d,GROUP_C,GROUP_C
SoilParameter,BASEFLOW_COEFF,SIL-low-shallow_A,GROUP_A,1/d,GROUP_A,GROUP_A
SoilParameter,BASEFLOW_COEFF,SIL-low-shallow_B,GROUP_B,1/d,GROUP_B,GROUP_B
SoilParameter,BASEFLOW_COEFF,SIL-low-shallow_C,GROUP_C,1/d,GROUP_C,GROUP_C
SoilParameter,BASEFLOW_COEFF,SAN-low-shallow_A,GROUP_A,1/d,GROUP_A,GROUP_A
SoilParameter,BASEFLOW_COEFF,SAN-low-shallow_B,GROUP_B,1/d,GROUP_B,GROUP_B
SoilParameter,BASEFLOW_COEFF,SAN-low-shallow_C,GROUP_C,1/d,GROUP_C,GROUP_C
SoilParameter,BASEFLOW_COEFF,URBAN_A,_DEFAULT,1/d,,
SoilParameter,BASEFLOW_COEFF,URBAN_B,_DEFAULT,1/d,,
SoilParameter,BASEFLOW_COEFF,URBAN_C,_DEFAULT,1/d,,
SoilParameter,BASEFLOW_COEFF,SIL-low-medium_A,GROUP_A,1/d,GROUP_A,GROUP_A
SoilParameter,BASEFLOW_COEFF,SIL-low-medium_B,GROUP_B,1/d,GROUP_B,GROUP_B
SoilParameter,BASEFLOW_COEFF,SIL-low-medium_C,GROUP_C,1/d,GROUP_C,GROUP_C
SoilParameter,BASEFLOW_COEFF,SAN-high-deep_A,GROUP_A,1/d,GROUP_A,GROUP_A
SoilParameter,BASEFLOW_COEFF,SAN-high-deep_B,GROUP_B,1/d,GROUP_B,GROUP_B
SoilParameter,BASEFLOW_COEFF,SAN-high-deep_C,GROUP_C,1/d,GROUP_C,GROUP_C
SoilParameter,BASEFLOW_COEFF,SAN-mod-deep_A,GROUP_A,1/d,GROUP_A,GROUP_A
SoilParameter,BASEFLOW_COEFF,SAN-mod-deep_B,GROUP_B,1/d,GROUP_B,GROUP_B
SoilParameter,BASEFLOW_COEFF,SAN-mod-deep_C,GROUP_C,1/d,GROUP_C,GROUP_C
SoilParameter,BASEFLOW_COEFF,SIL-high-medium_A,GROUP_A,1/d,GROUP_A,GROUP_A
SoilParameter,BASEFLOW_COEFF,SIL-high-medium_B,GROUP_B,1/d,GROUP_B,GROUP_B
SoilParameter,BASEFLOW_COEFF,SIL-high-medium_C,GROUP_C,1/d,GROUP_C,GROUP_C
SoilParameter,BASEFLOW_COEFF,CLA-mod-medium_A,GROUP_A,1/d,GROUP_A,GROUP_A
SoilParameter,BASEFLOW_COEFF,CLA-mod-medium_B,GROUP_B,1/d,GROUP_B,GROUP_B
SoilParameter,BASEFLOW_COEFF,CLA-mod-medium_C,GROUP_C,1/d,GROUP_C,GROUP_C
SoilParameter,BASEFLOW_COEFF,CLA-low-medium_A,GROUP_A,1/d,GROUP_A,GROUP_A
SoilParameter,BASEFLOW_COEFF,CLA-low-medium_B,GROUP_B,1/d,GROUP_B,GROUP_B
SoilParameter,BASEFLOW_COEFF,CLA-low-medium_C,GROUP_C,1/d,GROUP_C,GROUP_C
SoilParameter,BASEFLOW_COEFF,CLA-low-shallow_A,GROUP_A,1/d,GROUP_A,GROUP_A
SoilParameter,BASEFLOW_COEFF,CLA-low-shallow_B,GROUP_B,1/d,GROUP_B,GROUP_B
SoilParameter,BASEFLOW_COEFF,CLA-low-shallow_C,GROUP_C,1/d,GROUP_C,GROUP_C
SoilParameter,BASEFLOW_COEFF,CLA-high-medium_A,GROUP_A,1/d,GROUP_A,GROUP_A
SoilParameter,BASEFLOW_COEFF,CLA-high-medium_B,GROUP_B,1/d,GROUP_B,GROUP_B
SoilParameter,BASEFLOW_COEFF,CLA-high-medium_C,GROUP_C,1/d,GROUP_C,GROUP_C
SoilParameter,BASEFLOW_COEFF,SAN-mod-0_A,GROUP_A,1/d,GROUP_A,GROUP_A
SoilParameter,BASEFLOW_COEFF,SAN-mod-0_B,GROUP_B,1/d,GROUP_B,GROUP_B
SoilParameter,BASEFLOW_COEFF,SAN-mod-0_C,GROUP_C,1/d,GROUP_C,GROUP_C
SoilParameter,BASEFLOW_COEFF,SAN-high-0_A,GROUP_A,1/d,GROUP_A,GROUP_A
SoilParameter,BASEFLOW_COEFF,SAN-high-0_B,GROUP_B,1/d,GROUP_B,GROUP_B
SoilParameter,BASEFLOW_COEFF,SAN-high-0_C,GROUP_C,1/d,GROUP_C,GROUP_C
SoilParameter,BASEFLOW_COEFF,MARL_A,_DEFAULT,1/d,,
SoilParameter,BASEFLOW_COEFF,MARL_B,_DEFAULT,1/d,,
SoilParameter,BASEFLOW_COEFF,MARL_C,_DEFAULT,1/d,,
SoilParameter,BASEFLOW_COEFF,GRAVEL_PIT_A,_DEFAULT,1/d,,
SoilParameter,BASEFLOW_COEFF,GRAVEL_PIT_B,_DEFAULT,1/d,,
SoilParameter,BASEFLOW_COEFF,GRAVEL_PIT_C,_DEFAULT,1/d,,
SoilParameter,BASEFLOW_COEFF,DIKE_A,_DEFAULT,1/d,,
SoilParameter,BASEFLOW_COEFF,DIKE_B,_DEFAULT,1/d,,
SoilParameter,BASEFLOW_COEFF,DIKE_C,_DEFAULT,1/d,,
SoilParameter,BASEFLOW_COEFF,CUT_FILL_A,_DEFAULT,1/d,,
SoilParameter,BASEFLOW_COEFF,CUT_FILL_B,_DEFAULT,1/d,,
SoilParameter,BASEFLOW_COEFF,CUT_FILL_C,_DEFAULT,1/d,,
SoilParameter,PERC_COEFF,[DEFAULT],1.808939,1/d,0,10
SoilParameter,PERC_COEFF,SIL-mod-shallow_A,GROUP_A,1/d,GROUP_A,GROUP_A
SoilParameter,PERC_COEFF,SIL-mod-shallow_B,GROUP_B,1/d,GROUP_B,GROUP_B
SoilParameter,PERC_COEFF,SIL-mod-shallow_C,GROUP_C,1/d,GROUP_C,GROUP_C
SoilParameter,PERC_COEFF,SAN-mod-shallow_A,GROUP_A,1/d,GROUP_A,GROUP_A
SoilParameter,PERC_COEFF,SAN-mod-shallow_B,GROUP_B,1/d,GROUP_B,GROUP_B
SoilParameter,PERC_COEFF,SAN-mod-shallow_C,GROUP_C,1/d,GROUP_C,GROUP_C
SoilParameter,PERC_COEFF,SAN-high-shallow_A,GROUP_A,1/d,GROUP_A,GROUP_A
SoilParameter,PERC_COEFF,SAN-high-shallow_B,GROUP_B,1/d,GROUP_B,GROUP_B
SoilParameter,PERC_COEFF,SAN-high-shallow_C,GROUP_C,1/d,GROUP_C,GROUP_C
SoilParameter,PERC_COEFF,SAN-high-medium_A,GROUP_A,1/d,GROUP_A,GROUP_A
SoilParameter,PERC_COEFF,SAN-high-medium_B,GROUP_B,1/d,GROUP_B,GROUP_B
SoilParameter,PERC_COEFF,SAN-high-medium_C,GROUP_C,1/d,GROUP_C,GROUP_C
SoilParameter,PERC_COEFF,SIL-high-shallow_A,GROUP_A,1/d,GROUP_A,GROUP_A
SoilParameter,PERC_COEFF,SIL-high-shallow_B,GROUP_B,1/d,GROUP_B,GROUP_B
SoilParameter,PERC_COEFF,SIL-high-shallow_C,GROUP_C,1/d,GROUP_C,GROUP_C
SoilParameter,PERC_COEFF,SAN-low-medium_A,GROUP_A,1/d,GROUP_A,GROUP_A
SoilParameter,PERC_COEFF,SAN-low-medium_B,GROUP_B,1/d,GROUP_B,GROUP_B
SoilParameter,PERC_COEFF,SAN-low-medium_C,GROUP_C,1/d,GROUP_C,GROUP_C
SoilParameter,PERC_COEFF,SAN-mod-medium_A,GROUP_A,1/d,GROUP_A,GROUP_A
SoilParameter,PERC_COEFF,SAN-mod-medium_B,GROUP_B,1/d,GROUP_B,GROUP_B
SoilParameter,PERC_COEFF,SAN-mod-medium_C,GROUP_C,1/d,GROUP_C,GROUP_C
SoilParameter,PERC_COEFF,SIL-mod-medium_A,GROUP_A,1/d,GROUP_A,GROUP_A
SoilParameter,PERC_COEFF,SIL-mod-medium_B,GROUP_B,1/d,GROUP_B,GROUP_B
SoilParameter,PERC_COEFF,SIL-mod-medium_C,GROUP_C,1/d,GROUP_C,GROUP_C
SoilParameter,PERC_COEFF,CLA-mod-shallow_A,GROUP_A,1/d,GROUP_A,GROUP_A
SoilParameter,PERC_COEFF,CLA-mod-shallow_B,GROUP_B,1/d,GROUP_B,GROUP_B
SoilParameter,PERC_COEFF,CLA-mod-shallow_C,GROUP_C,1/d,GROUP_C,GROUP_C
SoilParameter,PERC_COEFF,SIL-low-shallow_A,GROUP_A,1/d,GROUP_A,GROUP_A
SoilParameter,PERC_COEFF,SIL-low-shallow_B,GROUP_B,1/d,GROUP_B,GROUP_B
SoilParameter,PERC_COEFF,SIL-low-shallow_C,GROUP_C,1/d,GROUP_C,GROUP_C
SoilParameter,PERC_COEFF,SAN-low-shallow_A,GROUP_A,1/d,GROUP_A,GROUP_A
SoilParameter,PERC_COEFF,SAN-low-shallow_B,GROUP_B,1/d,GROUP_B,GROUP_B
SoilParameter,PERC_COEFF,SAN-low-shallow_C,GROUP_C,1/d,GROUP_C,GROUP_C
SoilParameter,PERC_COEFF,URBAN_A,_DEFAULT,1/d,,
SoilParameter,PERC_COEFF,URBAN_B,_DEFAULT,1/d,,
SoilParameter,PERC_COEFF,URBAN_C,_DEFAULT,1/d,,
SoilParameter,PERC_COEFF,SIL-low-medium_A,GROUP_A,1/d,GROUP_A,GROUP_A
SoilParameter,PERC_COEFF,SIL-low-medium_B,GROUP_B,1/d,GROUP_B,GROUP_B
SoilParameter,PERC_COEFF,SIL-low-medium_C,GROUP_C,1/d,GROUP_C,GROUP_C
SoilParameter,PERC_COEFF,SAN-high-deep_A,GROUP_A,1/d,GROUP_A,GROUP_A
SoilParameter,PERC_COEFF,SAN-high-deep_B,GROUP_B,1/d,GROUP_B,GROUP_B
SoilParameter,PERC_COEFF,SAN-high-deep_C,GROUP_C,1/d,GROUP_C,GROUP_C
SoilParameter,PERC_COEFF,SAN-mod-deep_A,GROUP_A,1/d,GROUP_A,GROUP_A
SoilParameter,PERC_COEFF,SAN-mod-deep_B,GROUP_B,1/d,GROUP_B,GROUP_B
SoilParameter,PERC_COEFF,SAN-mod-deep_C,GROUP_C,1/d,GROUP_C,GROUP_C
SoilParameter,PERC_COEFF,SIL-high-medium_A,GROUP_A,1/d,GROUP_A,GROUP_A
SoilParameter,PERC_COEFF,SIL-high-medium_B,GROUP_B,1/d,GROUP_B,GROUP_B
SoilParameter,PERC_COEFF,SIL-high-medium_C,GROUP_C,1/d,GROUP_C,GROUP_C
SoilParameter,PERC_COEFF,CLA-mod-medium_A,GROUP_A,1/d,GROUP_A,GROUP_A
SoilParameter,PERC_COEFF,CLA-mod-medium_B,GROUP_B,1/d,GROUP_B,GROUP_B
SoilParameter,PERC_COEFF,CLA-mod-medium_C,GROUP_C,1/d,GROUP_C,GROUP_C
SoilParameter,PERC_COEFF,CLA-low-medium_A,GROUP_A,1/d,GROUP_A,GROUP_A
SoilParameter,PERC_COEFF,CLA-low-medium_B,GROUP_B,1/d,GROUP_B,GROUP_B
SoilParameter,PERC_COEFF,CLA-low-medium_C,GROUP_C,1/d,GROUP_C,GROUP_C
SoilParameter,PERC_COEFF,CLA-low-shallow_A,GROUP_A,1/d,GROUP_A,GROUP_A
SoilParameter,PERC_COEFF,CLA-low-shallow_B,GROUP_B,1/d,GROUP_B,GROUP_B
SoilParameter,PERC_COEFF,CLA-low-shallow_C,GROUP_C,1/d,GROUP_C,GROUP_C
SoilParameter,PERC_COEFF,CLA-high-medium_A,GROUP_A,1/d,GROUP_A,GROUP_A
SoilParameter,PERC_COEFF,CLA-high-medium_B,GROUP_B,1/d,GROUP_B,GROUP_B
SoilParameter,PERC_COEFF,CLA-high-medium_C,GROUP_C,1/d,GROUP_C,GROUP_C
SoilParameter,PERC_COEFF,SAN-mod-0_A,GROUP_A,1/d,GROUP_A,GROUP_A
SoilParameter,PERC_COEFF,SAN-mod-0_B,GROUP_B,1/d,GROUP_B,GROUP_B
SoilParameter,PERC_COEFF,SAN-mod-0_C,GROUP_C,1/d,GROUP_C,GROUP_C
SoilParameter,PERC_COEFF,SAN-high-0_A,GROUP_A,1/d,GROUP_A,GROUP_A
SoilParameter,PERC_COEFF,SAN-high-0_B,GROUP_B,1/d,GROUP_B,GROUP_B
SoilParameter,PERC_COEFF,SAN-high-0_C,GROUP_C,1/d,GROUP_C,GROUP_C
SoilParameter,PERC_COEFF,MARL_A,_DEFAULT,1/d,,
SoilParameter,PERC_COEFF,MARL_B,_DEFAULT,1/d,,
SoilParameter,PERC_COEFF,MARL_C,_DEFAULT,1/d,,
SoilParameter,PERC_COEFF,GRAVEL_PIT_A,_DEFAULT,1/d,,
SoilParameter,PERC_COEFF,GRAVEL_PIT_B,_DEFAULT,1/d,,
SoilParameter,PERC_COEFF,GRAVEL_PIT_C,_DEFAULT,1/d,,
SoilParameter,PERC_COEFF,DIKE_A,_DEFAULT,1/d,,
SoilParameter,PERC_COEFF,DIKE_B,_DEFAULT,1/d,,
SoilParameter,PERC_COEFF,DIKE_C,_DEFAULT,1/d,,
SoilParameter,PERC_COEFF,CUT_FILL_A,_DEFAULT,1/d,,
SoilParameter,PERC_COEFF,CUT_FILL_B,_DEFAULT,1/d,,
SoilParameter,PERC_COEFF,CUT_FILL_C,_DEFAULT,1/d,,
VegetationParameter,RAIN_ICEPT_FACT,[DEFAULT],0,none,,
VegetationParameter,RAIN_ICEPT_FACT,NO_DATA,_DEFAULT,none,,
VegetationParameter,RAIN_ICEPT_FACT,SHADOW,_DEFAULT,none,,
VegetationParameter,RAIN_ICEPT_FACT,WATER,_DEFAULT,none,,
VegetationParameter,RAIN_ICEPT_FACT,NON_VEGETATED,_DEFAULT,none,,
VegetationParameter,RAIN_ICEPT_FACT,SNOW_ICE,_DEFAULT,none,,
VegetationParameter,RAIN_ICEPT_FACT,GRASS,0.8498024,none,,
VegetationParameter,RAIN_ICEPT_FACT,SHRUBLAND,0.355971,none,,
VegetationParameter,RAIN_ICEPT_FACT,WETLAND,0.5446981,none,,
VegetationParameter,RAIN_ICEPT_FACT,AGRICULTURE,0.3344153,none,,
VegetationParameter,RAIN_ICEPT_FACT,FORESTED,0.4372647,none,,
VegetationParameter,RAIN_ICEPT_FACT,CONIFEROUS,0.5202597,none,,
VegetationParameter,RAIN_ICEPT_FACT,CONIFEROUS_DENSE,0.2513567,none,,
VegetationParameter,RAIN_ICEPT_FACT,CONIFEROUS_OPEN,0.8347972,none,,
VegetationParameter,RAIN_ICEPT_FACT,BROADLEAF,0.04477433,none,,
VegetationParameter,RAIN_ICEPT_FACT,BROADLEAF_DENSE,0.02554845,none,,
VegetationParameter,RAIN_ICEPT_FACT,BROADLEAF_OPEN,0.3260989,none,,
VegetationParameter,RAIN_ICEPT_FACT,LAKE,0,none,,
VegetationParameter,SNOW_ICEPT_FACT,[DEFAULT],0,none,,
VegetationParameter,SNOW_ICEPT_FACT,NO_DATA,_DEFAULT,none,,
VegetationParameter,SNOW_ICEPT_FACT,SHADOW,_DEFAULT,none,,
VegetationParameter,SNOW_ICEPT_FACT,WATER,_DEFAULT,none,,
VegetationParameter,SNOW_ICEPT_FACT,NON_VEGETATED,_DEFAULT,none,,
VegetationParameter,SNOW_ICEPT_FACT,SNOW_ICE,_DEFAULT,none,,
VegetationParameter,SNOW_ICEPT_FACT,GRASS,0.8292926,none,,
VegetationParameter,SNOW_ICEPT_FACT,SHRUBLAND,0.6084781,none,,
VegetationParameter,SNOW_ICEPT_FACT,WETLAND,0.9764375,none,,
VegetationParameter,SNOW_ICEPT_FACT,AGRICULTURE,0.382183,none,,
VegetationParameter,SNOW_ICEPT_FACT,FORESTED,0.6849699,none,,
VegetationParameter,SNOW_ICEPT_FACT,CONIFEROUS,0.05104253,none,,
VegetationParameter,SNOW_ICEPT_FACT,CONIFEROUS_DENSE,0.3913753,none,,
VegetationParameter,SNOW_ICEPT_FACT,CONIFEROUS_OPEN,0.05930484,none,,
VegetationParameter,SNOW_ICEPT_FACT,BROADLEAF,0.6847509,none,,
VegetationParameter,SNOW_ICEPT_FACT,BROADLEAF_DENSE,0.9629773,none,,
VegetationParameter,SNOW_ICEPT_FACT,BROADLEAF_OPEN,0.1848627,none,,
VegetationParameter,SNOW_ICEPT_FACT,LAKE,0,none,,
VegetationParameter,ALBEDO,[DEFAULT],0,none,,
VegetationParameter,ALBEDO,NO_DATA,0,none,,
VegetationParameter,ALBEDO,SHADOW,0,none,,
VegetationParameter,ALBEDO,WATER,0.1312121,none,,
VegetationParameter,ALBEDO,NON_VEGETATED,0.1364508,none,,
VegetationParameter,ALBEDO,SNOW_ICE,0.8867112,none,,
VegetationParameter,ALBEDO,GRASS,0.2156131,none,,
VegetationParameter,ALBEDO,SHRUBLAND,0.1726044,none,,
VegetationParameter,ALBEDO,WETLAND,0.07260875,none,,
VegetationParameter,ALBEDO,AGRICULTURE,0.3317649,none,,
VegetationParameter,ALBEDO,FORESTED,0.157706,none,,
VegetationParameter,ALBEDO,CONIFEROUS,0.09803912,none,,
VegetationParameter,ALBEDO,CONIFEROUS_DENSE,0.1125676,none,,
VegetationParameter,ALBEDO,CONIFEROUS_OPEN,0.1328064,none,,
VegetationParameter,ALBEDO,BROADLEAF,0.1303378,none,,
VegetationParameter,ALBEDO,BROADLEAF_DENSE,0.1915739,none,,
VegetationParameter,ALBEDO,BROADLEAF_OPEN,0.1505605,none,,
VegetationParameter,ALBEDO,LAKE,0.05604502,none,,
SubbasinProperties,TIME_CONC,3108,Shorts,d,Shorts,Shorts
SubbasinProperties,TIME_CONC,3107,Shorts,d,Shorts,Shorts
SubbasinProperties,TIME_CONC,3106,Shorts,d,Shorts,Shorts
SubbasinProperties,TIME_CONC,3105,Shorts,d,Shorts,Shorts
SubbasinProperties,TIME_CONC,3104,Shorts,d,Shorts,Shorts
SubbasinProperties,TIME_CONC,3103,Shorts,d,Shorts,Shorts
SubbasinProperties,TIME_CONC,3102,Shorts,d,Shorts,Shorts
SubbasinProperties,TIME_CONC,3101,Shorts,d,Shorts,Shorts
SubbasinProperties,TIME_CONC,3047,Vernon,d,Vernon,Vernon
SubbasinProperties,TIME_CONC,3046,Vernon,d,Vernon,Vernon
SubbasinProperties,TIME_CONC,3045,Vernon,d,Vernon,Vernon
SubbasinProperties,TIME_CONC,3044,Vernon,d,Vernon,Vernon
SubbasinProperties,TIME_CONC,3043,Vernon,d,Vernon,Vernon
SubbasinProperties,TIME_CONC,3042,Vernon,d,Vernon,Vernon
SubbasinProperties,TIME_CONC,3041,Vernon,d,Vernon,Vernon
SubbasinProperties,TIME_CONC,3040,Vernon,d,Vernon,Vernon
SubbasinProperties,TIME_CONC,3039,Vernon,d,Vernon,Vernon
SubbasinProperties,TIME_CONC,3038,Vernon,d,Vernon,Vernon
SubbasinProperties,TIME_CONC,3036,Vernon,d,Vernon,Vernon
SubbasinProperties,TIME_CONC,3035,Vernon,d,Vernon,Vernon
SubbasinProperties,TIME_CONC,3034,Vernon,d,Vernon,Vernon
SubbasinProperties,TIME_CONC,3033,Vernon,d,Vernon,Vernon
SubbasinProperties,TIME_CONC,3031,Vernon,d,Vernon,Vernon
SubbasinProperties,TIME_CONC,3030,Vernon,d,Vernon,Vernon
SubbasinProperties,TIME_CONC,3029,Vernon,d,Vernon,Vernon
SubbasinProperties,TIME_CONC,3028,Vernon,d,Vernon,Vernon
SubbasinProperties,TIME_CONC,3027,Vernon,d,Vernon,Vernon
SubbasinProperties,TIME_CONC,3026,Vernon,d,Vernon,Vernon
SubbasinProperties,TIME_CONC,3025,Vernon,d,Vernon,Vernon
SubbasinProperties,TIME_CONC,3024,Vernon,d,Vernon,Vernon
SubbasinProperties,TIME_CONC,3023,Vernon,d,Vernon,Vernon
SubbasinProperties,TIME_CONC,3022,Vernon,d,Vernon,Vernon
SubbasinProperties,TIME_CONC,3021,Vernon,d,Vernon,Vernon
SubbasinProperties,TIME_CONC,3020,Vernon,d,Vernon,Vernon
SubbasinProperties,TIME_CONC,3019,Vernon,d,Vernon,Vernon
SubbasinProperties,TIME_CONC,3018,Vernon,d,Vernon,Vernon
SubbasinProperties,TIME_CONC,3017,Vernon,d,Vernon,Vernon
SubbasinProperties,TIME_CONC,3016,Vernon,d,Vernon,Vernon
SubbasinProperties,TIME_CONC,3015,Vernon,d,Vernon,Vernon
SubbasinProperties,TIME_CONC,3014,Vernon,d,Vernon,Vernon
SubbasinProperties,TIME_CONC,3013,Vernon,d,Vernon,Vernon
SubbasinProperties,TIME_CONC,3012,Vernon,d,Vernon,Vernon
SubbasinProperties,TIME_CONC,3011,Vernon,d,Vernon,Vernon
SubbasinProperties,TIME_CONC,3010,Vernon,d,Vernon,Vernon
SubbasinProperties,TIME_CONC,3009,Vernon,d,Vernon,Vernon
SubbasinProperties,TIME_CONC,3008,Vernon,d,Vernon,Vernon
SubbasinProperties,TIME_CONC,3007,Vernon,d,Vernon,Vernon
SubbasinProperties,TIME_CONC,3006,Vernon,d,Vernon,Vernon
SubbasinProperties,TIME_CONC,3005,Vernon,d,Vernon,Vernon
SubbasinProperties,TIME_CONC,3004,Vernon,d,Vernon,Vernon
SubbasinProperties,TIME_CONC,3003,Vernon,d,Vernon,Vernon
SubbasinProperties,TIME_CONC,3002,Vernon,d,Vernon,Vernon
SubbasinProperties,TIME_CONC,3001,Vernon,d,Vernon,Vernon
SubbasinProperties,TIME_CONC,2906,Vaseux,d,Vaseux,Vaseux
SubbasinProperties,TIME_CONC,2905,Vaseux,d,Vaseux,Vaseux
SubbasinProperties,TIME_CONC,2904,Vaseux,d,Vaseux,Vaseux
SubbasinProperties,TIME_CONC,2903,Vaseux,d,Vaseux,Vaseux
SubbasinProperties,TIME_CONC,2902,Vaseux,d,Vaseux,Vaseux
SubbasinProperties,TIME_CONC,2901,Vaseux,d,Vaseux,Vaseux
SubbasinProperties,TIME_CONC,2837,Trout,d,Trout,Trout
SubbasinProperties,TIME_CONC,2836,Trout,d,Trout,Trout
SubbasinProperties,TIME_CONC,2835,Trout,d,Trout,Trout
SubbasinProperties,TIME_CONC,2834,Trout,d,Trout,Trout
SubbasinProperties,TIME_CONC,2833,Trout,d,Trout,Trout
SubbasinProperties,TIME_CONC,2832,Trout,d,Trout,Trout
SubbasinProperties,TIME_CONC,2831,Trout,d,Trout,Trout
SubbasinProperties,TIME_CONC,2830,Trout,d,Trout,Trout
SubbasinProperties,TIME_CONC,2829,Trout,d,Trout,Trout
SubbasinProperties,TIME_CONC,2828,Trout,d,Trout,Trout
SubbasinProperties,TIME_CONC,2827,Trout,d,Trout,Trout
SubbasinProperties,TIME_CONC,2826,Trout,d,Trout,Trout
SubbasinProperties,TIME_CONC,2825,Trout,d,Trout,Trout
SubbasinProperties,TIME_CONC,2824,Trout,d,Trout,Trout
SubbasinProperties,TIME_CONC,2823,Trout,d,Trout,Trout
SubbasinProperties,TIME_CONC,2821,Trout,d,Trout,Trout
SubbasinProperties,TIME_CONC,2820,Trout,d,Trout,Trout
SubbasinProperties,TIME_CONC,2819,Trout,d,Trout,Trout
SubbasinProperties,TIME_CONC,2818,Trout,d,Trout,Trout
SubbasinProperties,TIME_CONC,2817,Trout,d,Trout,Trout
SubbasinProperties,TIME_CONC,2816,Trout,d,Trout,Trout
SubbasinProperties,TIME_CONC,2815,Trout,d,Trout,Trout
SubbasinProperties,TIME_CONC,2814,Trout,d,Trout,Trout
SubbasinProperties,TIME_CONC,2813,Trout,d,Trout,Trout
SubbasinProperties,TIME_CONC,2812,Trout,d,Trout,Trout
SubbasinProperties,TIME_CONC,2811,Trout,d,Trout,Trout
SubbasinProperties,TIME_CONC,2810,Trout,d,Trout,Trout
SubbasinProperties,TIME_CONC,2809,Trout,d,Trout,Trout
SubbasinProperties,TIME_CONC,2808,Trout,d,Trout,Trout
SubbasinProperties,TIME_CONC,2807,Trout,d,Trout,Trout
SubbasinProperties,TIME_CONC,2806,Trout,d,Trout,Trout
SubbasinProperties,TIME_CONC,2805,Trout,d,Trout,Trout
SubbasinProperties,TIME_CONC,2804,Trout,d,Trout,Trout
SubbasinProperties,TIME_CONC,2803,Trout,d,Trout,Trout
SubbasinProperties,TIME_CONC,2801,Trout,d,Trout,Trout
SubbasinProperties,TIME_CONC,2708,Trepanier,d,Trepanier,Trepanier
SubbasinProperties,TIME_CONC,2707,Trepanier,d,Trepanier,Trepanier
SubbasinProperties,TIME_CONC,2706,Trepanier,d,Trepanier,Trepanier
SubbasinProperties,TIME_CONC,2705,Trepanier,d,Trepanier,Trepanier
SubbasinProperties,TIME_CONC,2704,Trepanier,d,Trepanier,Trepanier
SubbasinProperties,TIME_CONC,2703,Trepanier,d,Trepanier,Trepanier
SubbasinProperties,TIME_CONC,2702,Trepanier,d,Trepanier,Trepanier
SubbasinProperties,TIME_CONC,2701,Trepanier,d,Trepanier,Trepanier
SubbasinProperties,TIME_CONC,2607,Shuttleworth,d,Shuttleworth,Shuttleworth
SubbasinProperties,TIME_CONC,2606,Shuttleworth,d,Shuttleworth,Shuttleworth
SubbasinProperties,TIME_CONC,2605,Shuttleworth,d,Shuttleworth,Shuttleworth
SubbasinProperties,TIME_CONC,2604,Shuttleworth,d,Shuttleworth,Shuttleworth
SubbasinProperties,TIME_CONC,2603,Shuttleworth,d,Shuttleworth,Shuttleworth
SubbasinProperties,TIME_CONC,2602,Shuttleworth,d,Shuttleworth,Shuttleworth
SubbasinProperties,TIME_CONC,2601,Shuttleworth,d,Shuttleworth,Shuttleworth
SubbasinProperties,TIME_CONC,2510,Shingle,d,Shingle,Shingle
SubbasinProperties,TIME_CONC,2509,Shingle,d,Shingle,Shingle
SubbasinProperties,TIME_CONC,2508,Shingle,d,Shingle,Shingle
SubbasinProperties,TIME_CONC,2507,Shingle,d,Shingle,Shingle
SubbasinProperties,TIME_CONC,2506,Shingle,d,Shingle,Shingle
SubbasinProperties,TIME_CONC,2505,Shingle,d,Shingle,Shingle
SubbasinProperties,TIME_CONC,2504,Shingle,d,Shingle,Shingle
SubbasinProperties,TIME_CONC,2503,Shingle,d,Shingle,Shingle
SubbasinProperties,TIME_CONC,2502,Shingle,d,Shingle,Shingle
SubbasinProperties,TIME_CONC,2501,Shingle,d,Shingle,Shingle
SubbasinProperties,TIME_CONC,2420,Powers,d,Powers,Powers
SubbasinProperties,TIME_CONC,2419,Powers,d,Powers,Powers
SubbasinProperties,TIME_CONC,2418,Powers,d,Powers,Powers
SubbasinProperties,TIME_CONC,2417,Powers,d,Powers,Powers
SubbasinProperties,TIME_CONC,2416,Powers,d,Powers,Powers
SubbasinProperties,TIME_CONC,2415,Powers,d,Powers,Powers
SubbasinProperties,TIME_CONC,2414,Powers,d,Powers,Powers
SubbasinProperties,TIME_CONC,2413,Powers,d,Powers,Powers
SubbasinProperties,TIME_CONC,2412,Powers,d,Powers,Powers
SubbasinProperties,TIME_CONC,2411,Powers,d,Powers,Powers
SubbasinProperties,TIME_CONC,2410,Powers,d,Powers,Powers
SubbasinProperties,TIME_CONC,2409,Powers,d,Powers,Powers
SubbasinProperties,TIME_CONC,2408,Powers,d,Powers,Powers
SubbasinProperties,TIME_CONC,2407,Powers,d,Powers,Powers
SubbasinProperties,TIME_CONC,2406,Powers,d,Powers,Powers
SubbasinProperties,TIME_CONC,2405,Powers,d,Powers,Powers
SubbasinProperties,TIME_CONC,2404,Powers,d,Powers,Powers
SubbasinProperties,TIME_CONC,2403,Powers,d,Powers,Powers
SubbasinProperties,TIME_CONC,2402,Powers,d,Powers,Powers
SubbasinProperties,TIME_CONC,2401,Powers,d,Powers,Powers
SubbasinProperties,TIME_CONC,2314,Penticton,d,Penticton,Penticton
SubbasinProperties,TIME_CONC,2313,Penticton,d,Penticton,Penticton
SubbasinProperties,TIME_CONC,2312,Penticton,d,Penticton,Penticton
SubbasinProperties,TIME_CONC,2311,Penticton,d,Penticton,Penticton
SubbasinProperties,TIME_CONC,2310,Penticton,d,Penticton,Penticton
SubbasinProperties,TIME_CONC,2309,Penticton,d,Penticton,Penticton
SubbasinProperties,TIME_CONC,2308,Penticton,d,Penticton,Penticton
SubbasinProperties,TIME_CONC,2307,Penticton,d,Penticton,Penticton
SubbasinProperties,TIME_CONC,2306,Penticton,d,Penticton,Penticton
SubbasinProperties,TIME_CONC,2305,Penticton,d,Penticton,Penticton
SubbasinProperties,TIME_CONC,2304,Penticton,d,Penticton,Penticton
SubbasinProperties,TIME_CONC,2303,Penticton,d,Penticton,Penticton
SubbasinProperties,TIME_CONC,2302,Penticton,d,Penticton,Penticton
SubbasinProperties,TIME_CONC,2301,Penticton,d,Penticton,Penticton
SubbasinProperties,TIME_CONC,2207,Naswhito,d,Naswhito,Naswhito
SubbasinProperties,TIME_CONC,2206,Naswhito,d,Naswhito,Naswhito
SubbasinProperties,TIME_CONC,2205,Naswhito,d,Naswhito,Naswhito
SubbasinProperties,TIME_CONC,2204,Naswhito,d,Naswhito,Naswhito
SubbasinProperties,TIME_CONC,2203,Naswhito,d,Naswhito,Naswhito
SubbasinProperties,TIME_CONC,2202,Naswhito,d,Naswhito,Naswhito
SubbasinProperties,TIME_CONC,2201,Naswhito,d,Naswhito,Naswhito
SubbasinProperties,TIME_CONC,2102,Naramata,d,Naramata,Naramata
SubbasinProperties,TIME_CONC,2101,Naramata,d,Naramata,Naramata
SubbasinProperties,TIME_CONC,1922,Mill,d,Mill,Mill
SubbasinProperties,TIME_CONC,1921,Mill,d,Mill,Mill
SubbasinProperties,TIME_CONC,1920,Mill,d,Mill,Mill
SubbasinProperties,TIME_CONC,1919,Mill,d,Mill,Mill
SubbasinProperties,TIME_CONC,1918,Mill,d,Mill,Mill
SubbasinProperties,TIME_CONC,1917,Mill,d,Mill,Mill
SubbasinProperties,TIME_CONC,1916,Mill,d,Mill,Mill
SubbasinProperties,TIME_CONC,1915,Mill,d,Mill,Mill
SubbasinProperties,TIME_CONC,1914,Mill,d,Mill,Mill
SubbasinProperties,TIME_CONC,1913,Mill,d,Mill,Mill
SubbasinProperties,TIME_CONC,1912,Mill,d,Mill,Mill
SubbasinProperties,TIME_CONC,1911,Mill,d,Mill,Mill
SubbasinProperties,TIME_CONC,1910,Mill,d,Mill,Mill
SubbasinProperties,TIME_CONC,1909,Mill,d,Mill,Mill
SubbasinProperties,TIME_CONC,1908,Mill,d,Mill,Mill
SubbasinProperties,TIME_CONC,1907,Mill,d,Mill,Mill
SubbasinProperties,TIME_CONC,1906,Mill,d,Mill,Mill
SubbasinProperties,TIME_CONC,1905,Mill,d,Mill,Mill
SubbasinProperties,TIME_CONC,1904,Mill,d,Mill,Mill
SubbasinProperties,TIME_CONC,1903,Mill,d,Mill,Mill
SubbasinProperties,TIME_CONC,1902,Mill,d,Mill,Mill
SubbasinProperties,TIME_CONC,1901,Mill,d,Mill,Mill
SubbasinProperties,TIME_CONC,1803,McLean,d,McLean,McLean
SubbasinProperties,TIME_CONC,1802,McLean,d,McLean,McLean
SubbasinProperties,TIME_CONC,1801,McLean,d,McLean,McLean
SubbasinProperties,TIME_CONC,1707,McDougall,d,McDougall,McDougall
SubbasinProperties,TIME_CONC,1706,McDougall,d,McDougall,McDougall
SubbasinProperties,TIME_CONC,1705,McDougall,d,McDougall,McDougall
SubbasinProperties,TIME_CONC,1704,McDougall,d,McDougall,McDougall
SubbasinProperties,TIME_CONC,1703,McDougall,d,McDougall,McDougall
SubbasinProperties,TIME_CONC,1702,McDougall,d,McDougall,McDougall
SubbasinProperties,TIME_CONC,1701,McDougall,d,McDougall,McDougall
SubbasinProperties,TIME_CONC,1607,Inkaneep,d,Inkaneep,Inkaneep
SubbasinProperties,TIME_CONC,1606,Inkaneep,d,Inkaneep,Inkaneep
SubbasinProperties,TIME_CONC,1605,Inkaneep,d,Inkaneep,Inkaneep
SubbasinProperties,TIME_CONC,1604,Inkaneep,d,Inkaneep,Inkaneep
SubbasinProperties,TIME_CONC,1603,Inkaneep,d,Inkaneep,Inkaneep
SubbasinProperties,TIME_CONC,1602,Inkaneep,d,Inkaneep,Inkaneep
SubbasinProperties,TIME_CONC,1601,Inkaneep,d,Inkaneep,Inkaneep
SubbasinProperties,TIME_CONC,1508,Equesis,d,Equesis,Equesis
SubbasinProperties,TIME_CONC,1507,Equesis,d,Equesis,Equesis
SubbasinProperties,TIME_CONC,1506,Equesis,d,Equesis,Equesis
SubbasinProperties,TIME_CONC,1505,Equesis,d,Equesis,Equesis
SubbasinProperties,TIME_CONC,1504,Equesis,d,Equesis,Equesis
SubbasinProperties,TIME_CONC,1503,Equesis,d,Equesis,Equesis
SubbasinProperties,TIME_CONC,1502,Equesis,d,Equesis,Equesis
SubbasinProperties,TIME_CONC,1501,Equesis,d,Equesis,Equesis
SubbasinProperties,TIME_CONC,1411,Coldstream,d,Coldstream,Coldstream
SubbasinProperties,TIME_CONC,1410,Coldstream,d,Coldstream,Coldstream
SubbasinProperties,TIME_CONC,1409,Coldstream,d,Coldstream,Coldstream
SubbasinProperties,TIME_CONC,1408,Coldstream,d,Coldstream,Coldstream
SubbasinProperties,TIME_CONC,1407,Coldstream,d,Coldstream,Coldstream
SubbasinProperties,TIME_CONC,1406,Coldstream,d,Coldstream,Coldstream
SubbasinProperties,TIME_CONC,1405,Coldstream,d,Coldstream,Coldstream
SubbasinProperties,TIME_CONC,1404,Coldstream,d,Coldstream,Coldstream
SubbasinProperties,TIME_CONC,1403,Coldstream,d,Coldstream,Coldstream
SubbasinProperties,TIME_CONC,1402,Coldstream,d,Coldstream,Coldstream
SubbasinProperties,TIME_CONC,1401,Coldstream,d,Coldstream,Coldstream
SubbasinProperties,TIME_CONC,243,Mission,d,Mission,Mission
SubbasinProperties,TIME_CONC,242,Mission,d,Mission,Mission
SubbasinProperties,TIME_CONC,241,Mission,d,Mission,Mission
SubbasinProperties,TIME_CONC,240,Mission,d,Mission,Mission
SubbasinProperties,TIME_CONC,237,Mission,d,Mission,Mission
SubbasinProperties,TIME_CONC,236,Mission,d,Mission,Mission
SubbasinProperties,TIME_CONC,235,Mission,d,Mission,Mission
SubbasinProperties,TIME_CONC,234,Mission,d,Mission,Mission
SubbasinProperties,TIME_CONC,233,Mission,d,Mission,Mission
SubbasinProperties,TIME_CONC,232,Mission,d,Mission,Mission
SubbasinProperties,TIME_CONC,231,Mission,d,Mission,Mission
SubbasinProperties,TIME_CONC,230,Mission,d,Mission,Mission
SubbasinProperties,TIME_CONC,229,Mission,d,Mission,Mission
SubbasinProperties,TIME_CONC,228,Mission,d,Mission,Mission
SubbasinProperties,TIME_CONC,227,Mission,d,Mission,Mission
SubbasinProperties,TIME_CONC,226,Mission,d,Mission,Mission
SubbasinProperties,TIME_CONC,225,Mission,d,Mission,Mission
SubbasinProperties,TIME_CONC,224,Mission,d,Mission,Mission
SubbasinProperties,TIME_CONC,223,Mission,d,Mission,Mission
SubbasinProperties,TIME_CONC,222,Mission,d,Mission,Mission
SubbasinProperties,TIME_CONC,221,Mission,d,Mission,Mission
SubbasinProperties,TIME_CONC,220,Mission,d,Mission,Mission
SubbasinProperties,TIME_CONC,219,Mission,d,Mission,Mission
SubbasinProperties,TIME_CONC,218,Mission,d,Mission,Mission
SubbasinProperties,TIME_CONC,217,Mission,d,Mission,Mission
SubbasinProperties,TIME_CONC,216,Mission,d,Mission,Mission
SubbasinProperties,TIME_CONC,215,Mission,d,Mission,Mission
SubbasinProperties,TIME_CONC,213,Mission,d,Mission,Mission
SubbasinProperties,TIME_CONC,212,Mission,d,Mission,Mission
SubbasinProperties,TIME_CONC,211,Mission,d,Mission,Mission
SubbasinProperties,TIME_CONC,210,Mission,d,Mission,Mission
SubbasinProperties,TIME_CONC,209,Mission,d,Mission,Mission
SubbasinProperties,TIME_CONC,207,Mission,d,Mission,Mission
SubbasinProperties,TIME_CONC,206,Mission,d,Mission,Mission
SubbasinProperties,TIME_CONC,205,Mission,d,Mission,Mission
SubbasinProperties,TIME_CONC,204,Mission,d,Mission,Mission
SubbasinProperties,TIME_CONC,203,Mission,d,Mission,Mission
SubbasinProperties,TIME_CONC,202,Mission,d,Mission,Mission
SubbasinProperties,TIME_CONC,201,Mission,d,Mission,Mission
SubbasinProperties,TIME_CONC,114,Whiteman,d,Whiteman,Whiteman
SubbasinProperties,TIME_CONC,113,Whiteman,d,Whiteman,Whiteman
SubbasinProperties,TIME_CONC,112,Whiteman,d,Whiteman,Whiteman
SubbasinProperties,TIME_CONC,111,Whiteman,d,Whiteman,Whiteman
SubbasinProperties,TIME_CONC,110,Whiteman,d,Whiteman,Whiteman
SubbasinProperties,TIME_CONC,109,Whiteman,d,Whiteman,Whiteman
SubbasinProperties,TIME_CONC,108,Whiteman,d,Whiteman,Whiteman
SubbasinProperties,TIME_CONC,107,Whiteman,d,Whiteman,Whiteman
SubbasinProperties,TIME_CONC,106,Whiteman,d,Whiteman,Whiteman
SubbasinProperties,TIME_CONC,105,Whiteman,d,Whiteman,Whiteman
SubbasinProperties,TIME_CONC,104,Whiteman,d,Whiteman,Whiteman
SubbasinProperties,TIME_CONC,103,Whiteman,d,Whiteman,Whiteman
SubbasinProperties,TIME_CONC,102,Whiteman,d,Whiteman,Whiteman
SubbasinProperties,TIME_CONC,101,Whiteman,d,Whiteman,Whiteman
SubbasinProperties,TIME_TO_PEAK,3108,Shorts,d,Shorts,Shorts
SubbasinProperties,TIME_TO_PEAK,3107,Shorts,d,Shorts,Shorts
SubbasinProperties,TIME_TO_PEAK,3106,Shorts,d,Shorts,Shorts
SubbasinProperties,TIME_TO_PEAK,3105,Shorts,d,Shorts,Shorts
SubbasinProperties,TIME_TO_PEAK,3104,Shorts,d,Shorts,Shorts
SubbasinProperties,TIME_TO_PEAK,3103,Shorts,d,Shorts,Shorts
SubbasinProperties,TIME_TO_PEAK,3102,Shorts,d,Shorts,Shorts
SubbasinProperties,TIME_TO_PEAK,3101,Shorts,d,Shorts,Shorts
SubbasinProperties,TIME_TO_PEAK,3047,Vernon,d,Vernon,Vernon
SubbasinProperties,TIME_TO_PEAK,3046,Vernon,d,Vernon,Vernon
SubbasinProperties,TIME_TO_PEAK,3045,Vernon,d,Vernon,Vernon
SubbasinProperties,TIME_TO_PEAK,3044,Vernon,d,Vernon,Vernon
SubbasinProperties,TIME_TO_PEAK,3043,Vernon,d,Vernon,Vernon
SubbasinProperties,TIME_TO_PEAK,3042,Vernon,d,Vernon,Vernon
SubbasinProperties,TIME_TO_PEAK,3041,Vernon,d,Vernon,Vernon
SubbasinProperties,TIME_TO_PEAK,3040,Vernon,d,Vernon,Vernon
SubbasinProperties,TIME_TO_PEAK,3039,Vernon,d,Vernon,Vernon
SubbasinProperties,TIME_TO_PEAK,3038,Vernon,d,Vernon,Vernon
SubbasinProperties,TIME_TO_PEAK,3036,Vernon,d,Vernon,Vernon
SubbasinProperties,TIME_TO_PEAK,3035,Vernon,d,Vernon,Vernon
SubbasinProperties,TIME_TO_PEAK,3034,Vernon,d,Vernon,Vernon
SubbasinProperties,TIME_TO_PEAK,3033,Vernon,d,Vernon,Vernon
SubbasinProperties,TIME_TO_PEAK,3031,Vernon,d,Vernon,Vernon
SubbasinProperties,TIME_TO_PEAK,3030,Vernon,d,Vernon,Vernon
SubbasinProperties,TIME_TO_PEAK,3029,Vernon,d,Vernon,Vernon
SubbasinProperties,TIME_TO_PEAK,3028,Vernon,d,Vernon,Vernon
SubbasinProperties,TIME_TO_PEAK,3027,Vernon,d,Vernon,Vernon
SubbasinProperties,TIME_TO_PEAK,3026,Vernon,d,Vernon,Vernon
SubbasinProperties,TIME_TO_PEAK,3025,Vernon,d,Vernon,Vernon
SubbasinProperties,TIME_TO_PEAK,3024,Vernon,d,Vernon,Vernon
SubbasinProperties,TIME_TO_PEAK,3023,Vernon,d,Vernon,Vernon
SubbasinProperties,TIME_TO_PEAK,3022,Vernon,d,Vernon,Vernon
SubbasinProperties,TIME_TO_PEAK,3021,Vernon,d,Vernon,Vernon
SubbasinProperties,TIME_TO_PEAK,3020,Vernon,d,Vernon,Vernon
SubbasinProperties,TIME_TO_PEAK,3019,Vernon,d,Vernon,Vernon
SubbasinProperties,TIME_TO_PEAK,3018,Vernon,d,Vernon,Vernon
SubbasinProperties,TIME_TO_PEAK,3017,Vernon,d,Vernon,Vernon
SubbasinProperties,TIME_TO_PEAK,3016,Vernon,d,Vernon,Vernon
SubbasinProperties,TIME_TO_PEAK,3015,Vernon,d,Vernon,Vernon
SubbasinProperties,TIME_TO_PEAK,3014,Vernon,d,Vernon,Vernon
SubbasinProperties,TIME_TO_PEAK,3013,Vernon,d,Vernon,Vernon
SubbasinProperties,TIME_TO_PEAK,3012,Vernon,d,Vernon,Vernon
SubbasinProperties,TIME_TO_PEAK,3011,Vernon,d,Vernon,Vernon
SubbasinProperties,TIME_TO_PEAK,3010,Vernon,d,Vernon,Vernon
SubbasinProperties,TIME_TO_PEAK,3009,Vernon,d,Vernon,Vernon
SubbasinProperties,TIME_TO_PEAK,3008,Vernon,d,Vernon,Vernon
SubbasinProperties,TIME_TO_PEAK,3007,Vernon,d,Vernon,Vernon
SubbasinProperties,TIME_TO_PEAK,3006,Vernon,d,Vernon,Vernon
SubbasinProperties,TIME_TO_PEAK,3005,Vernon,d,Vernon,Vernon
SubbasinProperties,TIME_TO_PEAK,3004,Vernon,d,Vernon,Vernon
SubbasinProperties,TIME_TO_PEAK,3003,Vernon,d,Vernon,Vernon
SubbasinProperties,TIME_TO_PEAK,3002,Vernon,d,Vernon,Vernon
SubbasinProperties,TIME_TO_PEAK,3001,Vernon,d,Vernon,Vernon
SubbasinProperties,TIME_TO_PEAK,2906,Vaseux,d,Vaseux,Vaseux
SubbasinProperties,TIME_TO_PEAK,2905,Vaseux,d,Vaseux,Vaseux
SubbasinProperties,TIME_TO_PEAK,2904,Vaseux,d,Vaseux,Vaseux
SubbasinProperties,TIME_TO_PEAK,2903,Vaseux,d,Vaseux,Vaseux
SubbasinProperties,TIME_TO_PEAK,2902,Vaseux,d,Vaseux,Vaseux
SubbasinProperties,TIME_TO_PEAK,2901,Vaseux,d,Vaseux,Vaseux
SubbasinProperties,TIME_TO_PEAK,2837,Trout,d,Trout,Trout
SubbasinProperties,TIME_TO_PEAK,2836,Trout,d,Trout,Trout
SubbasinProperties,TIME_TO_PEAK,2835,Trout,d,Trout,Trout
SubbasinProperties,TIME_TO_PEAK,2834,Trout,d,Trout,Trout
SubbasinProperties,TIME_TO_PEAK,2833,Trout,d,Trout,Trout
SubbasinProperties,TIME_TO_PEAK,2832,Trout,d,Trout,Trout
SubbasinProperties,TIME_TO_PEAK,2831,Trout,d,Trout,Trout
SubbasinProperties,TIME_TO_PEAK,2830,Trout,d,Trout,Trout
SubbasinProperties,TIME_TO_PEAK,2829,Trout,d,Trout,Trout
SubbasinProperties,TIME_TO_PEAK,2828,Trout,d,Trout,Trout
SubbasinProperties,TIME_TO_PEAK,2827,Trout,d,Trout,Trout
SubbasinProperties,TIME_TO_PEAK,2826,Trout,d,Trout,Trout
SubbasinProperties,TIME_TO_PEAK,2825,Trout,d,Trout,Trout
SubbasinProperties,TIME_TO_PEAK,2824,Trout,d,Trout,Trout
SubbasinProperties,TIME_TO_PEAK,2823,Trout,d,Trout,Trout
SubbasinProperties,TIME_TO_PEAK,2821,Trout,d,Trout,Trout
SubbasinProperties,TIME_TO_PEAK,2820,Trout,d,Trout,Trout
SubbasinProperties,TIME_TO_PEAK,2819,Trout,d,Trout,Trout
SubbasinProperties,TIME_TO_PEAK,2818,Trout,d,Trout,Trout
SubbasinProperties,TIME_TO_PEAK,2817,Trout,d,Trout,Trout
SubbasinProperties,TIME_TO_PEAK,2816,Trout,d,Trout,Trout
SubbasinProperties,TIME_TO_PEAK,2815,Trout,d,Trout,Trout
SubbasinProperties,TIME_TO_PEAK,2814,Trout,d,Trout,Trout
SubbasinProperties,TIME_TO_PEAK,2813,Trout,d,Trout,Trout
SubbasinProperties,TIME_TO_PEAK,2812,Trout,d,Trout,Trout
SubbasinProperties,TIME_TO_PEAK,2811,Trout,d,Trout,Trout
SubbasinProperties,TIME_TO_PEAK,2810,Trout,d,Trout,Trout
SubbasinProperties,TIME_TO_PEAK,2809,Trout,d,Trout,Trout
SubbasinProperties,TIME_TO_PEAK,2808,Trout,d,Trout,Trout
SubbasinProperties,TIME_TO_PEAK,2807,Trout,d,Trout,Trout
SubbasinProperties,TIME_TO_PEAK,2806,Trout,d,Trout,Trout
SubbasinProperties,TIME_TO_PEAK,2805,Trout,d,Trout,Trout
SubbasinProperties,TIME_TO_PEAK,2804,Trout,d,Trout,Trout
SubbasinProperties,TIME_TO_PEAK,2803,Trout,d,Trout,Trout
SubbasinProperties,TIME_TO_PEAK,2801,Trout,d,Trout,Trout
SubbasinProperties,TIME_TO_PEAK,2708,Trepanier,d,Trepanier,Trepanier
SubbasinProperties,TIME_TO_PEAK,2707,Trepanier,d,Trepanier,Trepanier
SubbasinProperties,TIME_TO_PEAK,2706,Trepanier,d,Trepanier,Trepanier
SubbasinProperties,TIME_TO_PEAK,2705,Trepanier,d,Trepanier,Trepanier
SubbasinProperties,TIME_TO_PEAK,2704,Trepanier,d,Trepanier,Trepanier
SubbasinProperties,TIME_TO_PEAK,2703,Trepanier,d,Trepanier,Trepanier
SubbasinProperties,TIME_TO_PEAK,2702,Trepanier,d,Trepanier,Trepanier
SubbasinProperties,TIME_TO_PEAK,2701,Trepanier,d,Trepanier,Trepanier
SubbasinProperties,TIME_TO_PEAK,2607,Shuttleworth,d,Shuttleworth,Shuttleworth
SubbasinProperties,TIME_TO_PEAK,2606,Shuttleworth,d,Shuttleworth,Shuttleworth
SubbasinProperties,TIME_TO_PEAK,2605,Shuttleworth,d,Shuttleworth,Shuttleworth
SubbasinProperties,TIME_TO_PEAK,2604,Shuttleworth,d,Shuttleworth,Shuttleworth
SubbasinProperties,TIME_TO_PEAK,2603,Shuttleworth,d,Shuttleworth,Shuttleworth
SubbasinProperties,TIME_TO_PEAK,2602,Shuttleworth,d,Shuttleworth,Shuttleworth
SubbasinProperties,TIME_TO_PEAK,2601,Shuttleworth,d,Shuttleworth,Shuttleworth
SubbasinProperties,TIME_TO_PEAK,2510,Shingle,d,Shingle,Shingle
SubbasinProperties,TIME_TO_PEAK,2509,Shingle,d,Shingle,Shingle
SubbasinProperties,TIME_TO_PEAK,2508,Shingle,d,Shingle,Shingle
SubbasinProperties,TIME_TO_PEAK,2507,Shingle,d,Shingle,Shingle
SubbasinProperties,TIME_TO_PEAK,2506,Shingle,d,Shingle,Shingle
SubbasinProperties,TIME_TO_PEAK,2505,Shingle,d,Shingle,Shingle
SubbasinProperties,TIME_TO_PEAK,2504,Shingle,d,Shingle,Shingle
SubbasinProperties,TIME_TO_PEAK,2503,Shingle,d,Shingle,Shingle
SubbasinProperties,TIME_TO_PEAK,2502,Shingle,d,Shingle,Shingle
SubbasinProperties,TIME_TO_PEAK,2501,Shingle,d,Shingle,Shingle
SubbasinProperties,TIME_TO_PEAK,2420,Powers,d,Powers,Powers
SubbasinProperties,TIME_TO_PEAK,2419,Powers,d,Powers,Powers
SubbasinProperties,TIME_TO_PEAK,2418,Powers,d,Powers,Powers
SubbasinProperties,TIME_TO_PEAK,2417,Powers,d,Powers,Powers
SubbasinProperties,TIME_TO_PEAK,2416,Powers,d,Powers,Powers
SubbasinProperties,TIME_TO_PEAK,2415,Powers,d,Powers,Powers
SubbasinProperties,TIME_TO_PEAK,2414,Powers,d,Powers,Powers
SubbasinProperties,TIME_TO_PEAK,2413,Powers,d,Powers,Powers
SubbasinProperties,TIME_TO_PEAK,2412,Powers,d,Powers,Powers
SubbasinProperties,TIME_TO_PEAK,2411,Powers,d,Powers,Powers
SubbasinProperties,TIME_TO_PEAK,2410,Powers,d,Powers,Powers
SubbasinProperties,TIME_TO_PEAK,2409,Powers,d,Powers,Powers
SubbasinProperties,TIME_TO_PEAK,2408,Powers,d,Powers,Powers
SubbasinProperties,TIME_TO_PEAK,2407,Powers,d,Powers,Powers
SubbasinProperties,TIME_TO_PEAK,2406,Powers,d,Powers,Powers
SubbasinProperties,TIME_TO_PEAK,2405,Powers,d,Powers,Powers
SubbasinProperties,TIME_TO_PEAK,2404,Powers,d,Powers,Powers
SubbasinProperties,TIME_TO_PEAK,2403,Powers,d,Powers,Powers
SubbasinProperties,TIME_TO_PEAK,2402,Powers,d,Powers,Powers
SubbasinProperties,TIME_TO_PEAK,2401,Powers,d,Powers,Powers
SubbasinProperties,TIME_TO_PEAK,2314,Penticton,d,Penticton,Penticton
SubbasinProperties,TIME_TO_PEAK,2313,Penticton,d,Penticton,Penticton
SubbasinProperties,TIME_TO_PEAK,2312,Penticton,d,Penticton,Penticton
SubbasinProperties,TIME_TO_PEAK,2311,Penticton,d,Penticton,Penticton
SubbasinProperties,TIME_TO_PEAK,2310,Penticton,d,Penticton,Penticton
SubbasinProperties,TIME_TO_PEAK,2309,Penticton,d,Penticton,Penticton
SubbasinProperties,TIME_TO_PEAK,2308,Penticton,d,Penticton,Penticton
SubbasinProperties,TIME_TO_PEAK,2307,Penticton,d,Penticton,Penticton
SubbasinProperties,TIME_TO_PEAK,2306,Penticton,d,Penticton,Penticton
SubbasinProperties,TIME_TO_PEAK,2305,Penticton,d,Penticton,Penticton
SubbasinProperties,TIME_TO_PEAK,2304,Penticton,d,Penticton,Penticton
SubbasinProperties,TIME_TO_PEAK,2303,Penticton,d,Penticton,Penticton
SubbasinProperties,TIME_TO_PEAK,2302,Penticton,d,Penticton,Penticton
SubbasinProperties,TIME_TO_PEAK,2301,Penticton,d,Penticton,Penticton
SubbasinProperties,TIME_TO_PEAK,2207,Naswhito,d,Naswhito,Naswhito
SubbasinProperties,TIME_TO_PEAK,2206,Naswhito,d,Naswhito,Naswhito
SubbasinProperties,TIME_TO_PEAK,2205,Naswhito,d,Naswhito,Naswhito
SubbasinProperties,TIME_TO_PEAK,2204,Naswhito,d,Naswhito,Naswhito
SubbasinProperties,TIME_TO_PEAK,2203,Naswhito,d,Naswhito,Naswhito
SubbasinProperties,TIME_TO_PEAK,2202,Naswhito,d,Naswhito,Naswhito
SubbasinProperties,TIME_TO_PEAK,2201,Naswhito,d,Naswhito,Naswhito
SubbasinProperties,TIME_TO_PEAK,2102,Naramata,d,Naramata,Naramata
SubbasinProperties,TIME_TO_PEAK,2101,Naramata,d,Naramata,Naramata
SubbasinProperties,TIME_TO_PEAK,1922,Mill,d,Mill,Mill
SubbasinProperties,TIME_TO_PEAK,1921,Mill,d,Mill,Mill
SubbasinProperties,TIME_TO_PEAK,1920,Mill,d,Mill,Mill
SubbasinProperties,TIME_TO_PEAK,1919,Mill,d,Mill,Mill
SubbasinProperties,TIME_TO_PEAK,1918,Mill,d,Mill,Mill
SubbasinProperties,TIME_TO_PEAK,1917,Mill,d,Mill,Mill
SubbasinProperties,TIME_TO_PEAK,1916,Mill,d,Mill,Mill
SubbasinProperties,TIME_TO_PEAK,1915,Mill,d,Mill,Mill
SubbasinProperties,TIME_TO_PEAK,1914,Mill,d,Mill,Mill
SubbasinProperties,TIME_TO_PEAK,1913,Mill,d,Mill,Mill
SubbasinProperties,TIME_TO_PEAK,1912,Mill,d,Mill,Mill
SubbasinProperties,TIME_TO_PEAK,1911,Mill,d,Mill,Mill
SubbasinProperties,TIME_TO_PEAK,1910,Mill,d,Mill,Mill
SubbasinProperties,TIME_TO_PEAK,1909,Mill,d,Mill,Mill
SubbasinProperties,TIME_TO_PEAK,1908,Mill,d,Mill,Mill
SubbasinProperties,TIME_TO_PEAK,1907,Mill,d,Mill,Mill
SubbasinProperties,TIME_TO_PEAK,1906,Mill,d,Mill,Mill
SubbasinProperties,TIME_TO_PEAK,1905,Mill,d,Mill,Mill
SubbasinProperties,TIME_TO_PEAK,1904,Mill,d,Mill,Mill
SubbasinProperties,TIME_TO_PEAK,1903,Mill,d,Mill,Mill
SubbasinProperties,TIME_TO_PEAK,1902,Mill,d,Mill,Mill
SubbasinProperties,TIME_TO_PEAK,1901,Mill,d,Mill,Mill
SubbasinProperties,TIME_TO_PEAK,1803,McLean,d,McLean,McLean
SubbasinProperties,TIME_TO_PEAK,1802,McLean,d,McLean,McLean
SubbasinProperties,TIME_TO_PEAK,1801,McLean,d,McLean,McLean
SubbasinProperties,TIME_TO_PEAK,1707,McDougall,d,McDougall,McDougall
SubbasinProperties,TIME_TO_PEAK,1706,McDougall,d,McDougall,McDougall
SubbasinProperties,TIME_TO_PEAK,1705,McDougall,d,McDougall,McDougall
SubbasinProperties,TIME_TO_PEAK,1704,McDougall,d,McDougall,McDougall
SubbasinProperties,TIME_TO_PEAK,1703,McDougall,d,McDougall,McDougall
SubbasinProperties,TIME_TO_PEAK,1702,McDougall,d,McDougall,McDougall
SubbasinProperties,TIME_TO_PEAK,1701,McDougall,d,McDougall,McDougall
SubbasinProperties,TIME_TO_PEAK,1607,Inkaneep,d,Inkaneep,Inkaneep
SubbasinProperties,TIME_TO_PEAK,1606,Inkaneep,d,Inkaneep,Inkaneep
SubbasinProperties,TIME_TO_PEAK,1605,Inkaneep,d,Inkaneep,Inkaneep
SubbasinProperties,TIME_TO_PEAK,1604,Inkaneep,d,Inkaneep,Inkaneep
SubbasinProperties,TIME_TO_PEAK,1603,Inkaneep,d,Inkaneep,Inkaneep
SubbasinProperties,TIME_TO_PEAK,1602,Inkaneep,d,Inkaneep,Inkaneep
SubbasinProperties,TIME_TO_PEAK,1601,Inkaneep,d,Inkaneep,Inkaneep
SubbasinProperties,TIME_TO_PEAK,1508,Equesis,d,Equesis,Equesis
SubbasinProperties,TIME_TO_PEAK,1507,Equesis,d,Equesis,Equesis
SubbasinProperties,TIME_TO_PEAK,1506,Equesis,d,Equesis,Equesis
SubbasinProperties,TIME_TO_PEAK,1505,Equesis,d,Equesis,Equesis
SubbasinProperties,TIME_TO_PEAK,1504,Equesis,d,Equesis,Equesis
SubbasinProperties,TIME_TO_PEAK,1503,Equesis,d,Equesis,Equesis
SubbasinProperties,TIME_TO_PEAK,1502,Equesis,d,Equesis,Equesis
SubbasinProperties,TIME_TO_PEAK,1501,Equesis,d,Equesis,Equesis
SubbasinProperties,TIME_TO_PEAK,1411,Coldstream,d,Coldstream,Coldstream
SubbasinProperties,TIME_TO_PEAK,1410,Coldstream,d,Coldstream,Coldstream
SubbasinProperties,TIME_TO_PEAK,1409,Coldstream,d,Coldstream,Coldstream
SubbasinProperties,TIME_TO_PEAK,1408,Coldstream,d,Coldstream,Coldstream
SubbasinProperties,TIME_TO_PEAK,1407,Coldstream,d,Coldstream,Coldstream
SubbasinProperties,TIME_TO_PEAK,1406,Coldstream,d,Coldstream,Coldstream
SubbasinProperties,TIME_TO_PEAK,1405,Coldstream,d,Coldstream,Coldstream
SubbasinProperties,TIME_TO_PEAK,1404,Coldstream,d,Coldstream,Coldstream
SubbasinProperties,TIME_TO_PEAK,1403,Coldstream,d,Coldstream,Coldstream
SubbasinProperties,TIME_TO_PEAK,1402,Coldstream,d,Coldstream,Coldstream
SubbasinProperties,TIME_TO_PEAK,1401,Coldstream,d,Coldstream,Coldstream
SubbasinProperties,TIME_TO_PEAK,243,Mission,d,Mission,Mission
SubbasinProperties,TIME_TO_PEAK,242,Mission,d,Mission,Mission
SubbasinProperties,TIME_TO_PEAK,241,Mission,d,Mission,Mission
SubbasinProperties,TIME_TO_PEAK,240,Mission,d,Mission,Mission
SubbasinProperties,TIME_TO_PEAK,237,Mission,d,Mission,Mission
SubbasinProperties,TIME_TO_PEAK,236,Mission,d,Mission,Mission
SubbasinProperties,TIME_TO_PEAK,235,Mission,d,Mission,Mission
SubbasinProperties,TIME_TO_PEAK,234,Mission,d,Mission,Mission
SubbasinProperties,TIME_TO_PEAK,233,Mission,d,Mission,Mission
SubbasinProperties,TIME_TO_PEAK,232,Mission,d,Mission,Mission
SubbasinProperties,TIME_TO_PEAK,231,Mission,d,Mission,Mission
SubbasinProperties,TIME_TO_PEAK,230,Mission,d,Mission,Mission
SubbasinProperties,TIME_TO_PEAK,229,Mission,d,Mission,Mission
SubbasinProperties,TIME_TO_PEAK,228,Mission,d,Mission,Mission
SubbasinProperties,TIME_TO_PEAK,227,Mission,d,Mission,Mission
SubbasinProperties,TIME_TO_PEAK,226,Mission,d,Mission,Mission
SubbasinProperties,TIME_TO_PEAK,225,Mission,d,Mission,Mission
SubbasinProperties,TIME_TO_PEAK,224,Mission,d,Mission,Mission
SubbasinProperties,TIME_TO_PEAK,223,Mission,d,Mission,Mission
SubbasinProperties,TIME_TO_PEAK,222,Mission,d,Mission,Mission
SubbasinProperties,TIME_TO_PEAK,221,Mission,d,Mission,Mission
SubbasinProperties,TIME_TO_PEAK,220,Mission,d,Mission,Mission
SubbasinProperties,TIME_TO_PEAK,219,Mission,d,Mission,Mission
SubbasinProperties,TIME_TO_PEAK,218,Mission,d,Mission,Mission
SubbasinProperties,TIME_TO_PEAK,217,Mission,d,Mission,Mission
SubbasinProperties,TIME_TO_PEAK,216,Mission,d,Mission,Mission
SubbasinProperties,TIME_TO_PEAK,215,Mission,d,Mission,Mission
SubbasinProperties,TIME_TO_PEAK,213,Mission,d,Mission,Mission
SubbasinProperties,TIME_TO_PEAK,212,Mission,d,Mission,Mission
SubbasinProperties,TIME_TO_PEAK,211,Mission,d,Mission,Mission
SubbasinProperties,TIME_TO_PEAK,210,Mission,d,Mission,Mission
SubbasinProperties,TIME_TO_PEAK,209,Mission,d,Mission,Mission
SubbasinProperties,TIME_TO_PEAK,207,Mission,d,Mission,Mission
SubbasinProperties,TIME_TO_PEAK,206,Mission,d,Mission,Mission
SubbasinProperties,TIME_TO_PEAK,205,Mission,d,Mission,Mission
SubbasinProperties,TIME_TO_PEAK,204,Mission,d,Mission,Mission
SubbasinProperties,TIME_TO_PEAK,203,Mission,d,Mission,Mission
SubbasinProperties,TIME_TO_PEAK,202,Mission,d,Mission,Mission
SubbasinProperties,TIME_TO_PEAK,201,Mission,d,Mission,Mission
SubbasinProperties,TIME_TO_PEAK,114,Whiteman,d,Whiteman,Whiteman
SubbasinProperties,TIME_TO_PEAK,113,Whiteman,d,Whiteman,Whiteman
SubbasinProperties,TIME_TO_PEAK,112,Whiteman,d,Whiteman,Whiteman
SubbasinProperties,TIME_TO_PEAK,111,Whiteman,d,Whiteman,Whiteman
SubbasinProperties,TIME_TO_PEAK,110,Whiteman,d,Whiteman,Whiteman
SubbasinProperties,TIME_TO_PEAK,109,Whiteman,d,Whiteman,Whiteman
SubbasinProperties,TIME_TO_PEAK,108,Whiteman,d,Whiteman,Whiteman
SubbasinProperties,TIME_TO_PEAK,107,Whiteman,d,Whiteman,Whiteman
SubbasinProperties,TIME_TO_PEAK,106,Whiteman,d,Whiteman,Whiteman
SubbasinProperties,TIME_TO_PEAK,105,Whiteman,d,Whiteman,Whiteman
SubbasinProperties,TIME_TO_PEAK,104,Whiteman,d,Whiteman,Whiteman
SubbasinProperties,TIME_TO_PEAK,103,Whiteman,d,Whiteman,Whiteman
SubbasinProperties,TIME_TO_PEAK,102,Whiteman,d,Whiteman,Whiteman
SubbasinProperties,TIME_TO_PEAK,101,Whiteman,d,Whiteman,Whiteman
CalibrationGroups,BASEFLOW_COEFF,GROUP_A,0.02784434,1/d,0,5
CalibrationGroups,BASEFLOW_COEFF,GROUP_B,0.02784434,1/d,0,5
CalibrationGroups,BASEFLOW_COEFF,GROUP_C,0.02784434,1/d,0,5
CalibrationGroups,PERC_COEFF,GROUP_A,1.808939,1/d,0,10
CalibrationGroups,PERC_COEFF,GROUP_B,1.808939,1/d,0,10
CalibrationGroups,PERC_COEFF,GROUP_C,1.808939,1/d,0,10
CalibrationGroups,TIME_CONC,Shorts,20,d,0,31
CalibrationGroups,TIME_CONC,Vernon,20,d,0,31
CalibrationGroups,TIME_CONC,Vaseux,20,d,0,31
CalibrationGroups,TIME_CONC,Trout,20,d,0,31
CalibrationGroups,TIME_CONC,Trepanier,20,d,0,31
CalibrationGroups,TIME_CONC,Shuttleworth,20,d,0,31
CalibrationGroups,TIME_CONC,Shingle,20,d,0,31
CalibrationGroups,TIME_CONC,Powers,20,d,0,31
CalibrationGroups,TIME_CONC,Penticton,20,d,0,31
CalibrationGroups,TIME_CONC,Naswhito,20,d,0,31
CalibrationGroups,TIME_CONC,Naramata,20,d,0,31
CalibrationGroups,TIME_CONC,Mill,20,d,0,31
CalibrationGroups,TIME_CONC,McLean,20,d,0,31
CalibrationGroups,TIME_CONC,McDougall,20,d,0,31
CalibrationGroups,TIME_CONC,Inkaneep,20,d,0,31
CalibrationGroups,TIME_CONC,Equesis,20,d,0,31
CalibrationGroups,TIME_CONC,Coldstream,20,d,0,31
CalibrationGroups,TIME_CONC,Mission,20,d,0,31
CalibrationGroups,TIME_CONC,Whiteman,20,d,0,31
CalibrationGroups,TIME_TO_PEAK,Shorts,10,d,0,31
CalibrationGroups,TIME_TO_PEAK,Vernon,10,d,0,31
CalibrationGroups,TIME_TO_PEAK,Vaseux,10,d,0,31
CalibrationGroups,TIME_TO_PEAK,Trout,10,d,0,31
CalibrationGroups,TIME_TO_PEAK,Trepanier,10,d,0,31
CalibrationGroups,TIME_TO_PEAK,Shuttleworth,10,d,0,31
CalibrationGroups,TIME_TO_PEAK,Shingle,10,d,0,31
CalibrationGroups,TIME_TO_PEAK,Powers,10,d,0,31
CalibrationGroups,TIME_TO_PEAK,Penticton,10,d,0,31
CalibrationGroups,TIME_TO_PEAK,Naswhito,10,d,0,31
CalibrationGroups,TIME_TO_PEAK,Naramata,10,d,0,31
CalibrationGroups,TIME_TO_PEAK,Mill,10,d,0,31
CalibrationGroups,TIME_TO_PEAK,McLean,10,d,0,31
CalibrationGroups,TIME_TO_PEAK,McDougall,10,d,0,31
CalibrationGroups,TIME_TO_PEAK,Inkaneep,10,d,0,31
CalibrationGroups,TIME_TO_PEAK,Equesis,10,d,0,31
CalibrationGroups,TIME_TO_PEAK,Coldstream,10,d,0,31
CalibrationGroups,TIME_TO_PEAK,Mission,10,d,0,31
CalibrationGroups,TIME_TO_PEAK,Whiteman,10,d,0,31