OBJECTID,GEOMETRY,GNIS_NAME,AREA_HA,GEOMETRY_Length,GEOMETRY_Area,Subbasin_ID,SubBasin_name,Downstream_ID,Reports_to_Fan,Reservoir_name,Hydrometric_stn,Snow_Pillow,Snow_Course,Diversion,Upstream_Reservoir,Pct_Demand_Met,Gauged
383,Polygon,Shorts Creek,0,11875.96494,5957048.377,3112,Shorts Creek3112,3107,<Null>,<Null>,<Null>,<Null>,<Null>,<Null>,<Null>,<Null>,1
394,Polygon,Shorts Creek,0,21108.12232,13011992.71,3111,Shorts Creek3111,3101,A,<Null>,<Null>,<Null>,<Null>,<Null>,<Null>,<Null>,1
31,Polygon,Shorts Creek,0,30343.68188,36243569.32,3110,Shorts Creek3110,3105,<Null>,<Null>,<Null>,<Null>,2F15,<Null>,<Null>,<Null>,1
327,Polygon,Shorts Creek,0,18549.8189,12197219.92,3109,Shorts Creek3109,3105,<Null>,<Null>,<Null>,<Null>,<Null>,<Null>,<Null>,<Null>,1
114,Polygon,Shorts Creek,0,28006.01377,30295203.89,3108,Shorts Creek3108,3110,<Null>,<Null>,<Null>,<Null>,<Null>,<Null>,<Null>,<Null>,1
115,Polygon,Shorts Creek,0,15693.43467,10468501.3,3107,Shorts Creek3107,3110,<Null>,<Null>,<Null>,<Null>,<Null>,<Null>,<Null>,<Null>,1
116,Polygon,Shorts Creek,0,16624.52609,12691754.67,3106,Shorts Creek3106,3105,<Null>,<Null>,<Null>,<Null>,<Null>,<Null>,<Null>,<Null>,1
326,Polygon,Shorts Creek,0,19686.2996,16282794.23,3105,Shorts Creek3105,3102,<Null>,<Null>,<Null>,<Null>,<Null>,<Null>,<Null>,<Null>,1
119,Polygon,Shorts Creek,0,15544.35838,9046189.995,3104,Shorts Creek3104,3102,<Null>,<Null>,<Null>,<Null>,<Null>,<Null>,<Null>,<Null>,1
121,Polygon,Shorts Creek,0,23437.30406,24259364.3,3103,Shorts Creek3103,3111,<Null>,<Null>,<Null>,<Null>,<Null>,<Null>,<Null>,<Null>,1
120,Polygon,Shorts Creek,0,25465.34205,14524893.02,3102,Shorts Creek3102,3111,<Null>,<Null>,<Null>,<Null>,<Null>,<Null>,<Null>,<Null>,1
117,Polygon,Shorts Creek,0,4821.010821,590642.6694,3101,Shorts Creek3101,-1,Y,<Null>,<Null>,<Null>,<Null>,<Null>,<Null>,<Null>,1
253,Polygon,Vernon Creek,0,39243.52521,53358184.93,3049,Vernon Creek3049,3014,<Null>,<Null>,08NM020,2F01P,<Null>,<Null>,<Null>,<Null>,1
366,Polygon,Vernon Creek,0,15398.73749,11111163.31,3048,Vernon Creek3048,3017,<Null>,<Null>,<Null>,<Null>,<Null>,<Null>,<Null>,<Null>,1
285,Polygon,Vernon Creek,0,8263.185578,2329838.442,3047,Vernon Creek3047,3001,A,<Null>,<Null>,<Null>,<Null>,<Null>,<Null>,<Null>,1
219,Polygon,Vernon Creek,0,54658.56096,38091995.25,3046,Vernon Creek3046,3045,<Null>,<Null>,<Null>,<Null>,<Null>,<Null>,<Null>,<Null>,1
84,Polygon,Vernon Creek,0,17505.55383,1789891.186,3045,Vernon Creek3045,3044,<Null>,Crooked,08NM163,<Null>,<Null>,<Null>,<Null>,<Null>,1
220,Polygon,Vernon Creek,0,40503.4865,23473556.67,3044,Vernon Creek3044,3043,<Null>,<Null>,<Null>,<Null>,<Null>,<Null>,<Null>,<Null>,1
85,Polygon,Vernon Creek,0,12430.31065,3079530.917,3043,Vernon Creek3043,3042,<Null>,Swalwell,08NM022,<Null>,<Null>,<Null>,<Null>,<Null>,1
221,Polygon,Vernon Creek,0,21658.20402,20513926.97,3042,Vernon Creek3042,3041,<Null>,<Null>,08NM236,<Null>,<Null>,<Null>,<Null>,<Null>,1
224,Polygon,Vernon Creek,0,10198.63559,4271612.215,3041,Vernon Creek3041,3039,<Null>,<Null>,08NM043,<Null>,<Null>,<Null>,<Null>,<Null>,1
222,Polygon,Vernon Creek,0,17800.37537,16026836.88,3040,Vernon Creek3040,3039,<Null>,<Null>,08NM146,<Null>,<Null>,<Null>,<Null>,<Null>,1
223,Polygon,Vernon Creek,0,25342.38142,16706270.6,3039,Vernon Creek3039,3036,<Null>,<Null>,08NM162,<Null>,<Null>,<Null>,<Null>,<Null>,1
226,Polygon,Vernon Creek,0,26702.3083,12204500.06,3038,Vernon Creek3038,3036,<Null>,<Null>,<Null>,<Null>,<Null>,<Null>,<Null>,<Null>,1
90,Polygon,Vernon Creek,0,7007.74124,2020120.174,3036,Vernon Creek3036,3035,<Null>,Ellison,<Null>,<Null>,<Null>,<Null>,<Null>,<Null>,1
228,Polygon,Vernon Creek,0,8125.392341,2923578.804,3035,Vernon Creek3035,3034,<Null>,<Null>,08NM182,<Null>,<Null>,<Null>,<Null>,<Null>,1
229,Polygon,Vernon Creek,0,6925.685095,997313.9389,3034,Vernon Creek3034,3033,<Null>,<Null>,08NM008,<Null>,<Null>,<Null>,<Null>,<Null>,1
227,Polygon,Vernon Creek,0,12658.05791,7905943.815,3033,Vernon Creek3033,3017,<Null>,<Null>,08NM181,<Null>,<Null>,<Null>,<Null>,<Null>,1
232,Polygon,Vernon Creek,0,2743.072489,313782.5755,3031,Vernon Creek3031,3017,<Null>,<Null>,<Null>,<Null>,<Null>,<Null>,<Null>,<Null>,1
230,Polygon,Vernon Creek,0,18356.32235,12343852.31,3030,Vernon Creek3030,3029,<Null>,<Null>,08NM235,<Null>,<Null>,<Null>,<Null>,<Null>,1
236,Polygon,Vernon Creek,0,42297.9418,20750717.48,3029,Vernon Creek3029,3017,<Null>,<Null>,<Null>,<Null>,<Null>,<Null>,<Null>,<Null>,1
237,Polygon,Vernon Creek,0,5924.667725,325234.0341,3027,Vernon Creek3027,3017,<Null>,<Null>,08NM183,<Null>,<Null>,<Null>,<Null>,<Null>,1
239,Polygon,Vernon Creek,0,38856.22501,21430661.72,3026,Vernon Creek3026,3025,<Null>,<Null>,<Null>,<Null>,2F19,<Null>,<Null>,<Null>,1
83,Polygon,Vernon Creek,0,11476.30768,2301529.186,3025,Vernon Creek3025,3024,<Null>,Oyama,08NM224,<Null>,<Null>,<Null>,<Null>,<Null>,1
240,Polygon,Vernon Creek,0,26210.18465,18550680.6,3024,Vernon Creek3024,3023,<Null>,<Null>,08NM048,<Null>,<Null>,<Null>,<Null>,<Null>,1
241,Polygon,Vernon Creek,0,6038.738134,1074529.184,3023,Vernon Creek3023,3017,<Null>,<Null>,<Null>,<Null>,<Null>,<Null>,<Null>,<Null>,1
242,Polygon,Vernon Creek,0,23258.5653,19166467.99,3022,Vernon Creek3022,3018,<Null>,<Null>,<Null>,<Null>,<Null>,<Null>,<Null>,<Null>,1
244,Polygon,Vernon Creek,0,15065.83161,3022565.704,3021,Vernon Creek3021,3020,<Null>,<Null>,<Null>,<Null>,2F17,<Null>,<Null>,<Null>,1
243,Polygon,Vernon Creek,0,5159.870719,700663.1362,3020,Vernon Creek3020,3019,<Null>,<Null>,<Null>,<Null>,<Null>,<Null>,<Null>,<Null>,1
245,Polygon,Vernon Creek,0,13426.26865,6052937.2,3019,Vernon Creek3019,3017,<Null>,<Null>,<Null>,<Null>,<Null>,<Null>,<Null>,<Null>,1
246,Polygon,Vernon Creek,0,127372.9537,64013766.84,3018,Vernon Creek3018,3017,<Null>,<Null>,<Null>,<Null>,2F16,<Null>,<Null>,<Null>,1
235,Polygon,Vernon Creek,0,61548.70707,34779543.5,3017,Vernon Creek3017,3016,<Null>,Kalamalka-Wood,<Null>,<Null>,<Null>,<Null>,<Null>,<Null>,1
252,Polygon,Vernon Creek,0,3208.400922,424289.4452,3016,Vernon Creek3016,3015,<Null>,<Null>,08NM065,<Null>,<Null>,<Null>,<Null>,<Null>,1
251,Polygon,Vernon Creek,0,23611.34818,21899731.49,3015,Vernon Creek3015,3005,<Null>,<Null>,08NM021,<Null>,<Null>,<Null>,<Null>,<Null>,1
315,Polygon,Vernon Creek,0,26072.74629,22770913.92,3014,Vernon Creek3014,3007,<Null>,<Null>,<Null>,<Null>,<Null>,<Null>,<Null>,<Null>,1
254,Polygon,Vernon Creek,0,21416.97725,10093536.68,3013,Vernon Creek3013,3007,<Null>,<Null>,<Null>,<Null>,<Null>,<Null>,<Null>,<Null>,1
256,Polygon,Vernon Creek,0,14499.90596,3767349.351,3012,Vernon Creek3012,3011,<Null>,<Null>,<Null>,<Null>,<Null>,<Null>,<Null>,<Null>,1
81,Polygon,Vernon Creek,0,4671.064795,354096.7673,3011,Vernon Creek3011,3009,<Null>,Goose,<Null>,<Null>,<Null>,<Null>,<Null>,<Null>,1
255,Polygon,Vernon Creek,0,23068.68093,18477245.71,3010,Vernon Creek3010,3007,<Null>,<Null>,<Null>,<Null>,<Null>,<Null>,<Null>,<Null>,1
258,Polygon,Vernon Creek,0,14566.25948,6345103.382,3009,Vernon Creek3009,3007,<Null>,<Null>,<Null>,<Null>,<Null>,<Null>,<Null>,<Null>,1
257,Polygon,Vernon Creek,0,929.399307,34798.30064,3008,Vernon Creek3008,3007,<Null>,<Null>,<Null>,<Null>,<Null>,<Null>,<Null>,<Null>,1
80,Polygon,Vernon Creek,0,11244.89982,4121190.192,3007,Vernon Creek3007,3006,<Null>,Swan,08NM125,<Null>,<Null>,<Null>,<Null>,<Null>,1
261,Polygon,Vernon Creek,0,8032.974174,2783455.725,3006,Vernon Creek3006,3004,<Null>,<Null>,08NM123,<Null>,<Null>,<Null>,<Null>,<Null>,1
265,Polygon,Vernon Creek,0,6332.994313,1292268.525,3005,Vernon Creek3005,3002,<Null>,<Null>,<Null>,<Null>,<Null>,<Null>,<Null>,<Null>,1
263,Polygon,Vernon Creek,0,11405.46638,4782122.098,3004,Vernon Creek3004,3002,<Null>,<Null>,<Null>,<Null>,<Null>,<Null>,<Null>,<Null>,1
259,Polygon,Vernon Creek,0,24028.83638,14878162.53,3003,Vernon Creek3003,3002,<Null>,<Null>,<Null>,<Null>,<Null>,<Null>,<Null>,<Null>,1
264,Polygon,Vernon Creek,0,9729.643171,3743587.114,3002,Vernon Creek3002,3047,<Null>,<Null>,08NM160,<Null>,<Null>,<Null>,<Null>,<Null>,1
262,Polygon,Vernon Creek,0,15204.24213,9008487.037,3001,Vernon Creek3001,-1,Y,<Null>,<Null>,<Null>,<Null>,<Null>,<Null>,<Null>,1
198,Polygon,Vaseux Creek,0,31745.98656,32126635.08,2908,Vaseux Creek2908,2902,<Null>,<Null>,<Null>,<Null>,<Null>,<Null>,<Null>,<Null>,1
199,Polygon,Vaseux Creek,0,36077.74527,52557099.96,2907,Vaseux Creek2907,2905,<Null>,<Null>,<Null>,<Null>,<Null>,<Null>,<Null>,<Null>,1
200,Polygon,Vaseux Creek,0,31523.28637,33303936.15,2906,Vaseux Creek2906,2905,<Null>,<Null>,<Null>,<Null>,<Null>,<Null>,<Null>,<Null>,1
333,Polygon,Vaseux Creek,0,31803.49439,31617587.83,2905,Vaseux Creek2905,2903,<Null>,<Null>,08NM171,<Null>,<Null>,<Null>,<Null>,<Null>,1
29,Polygon,Vaseux Creek,0,49542.56282,78782498.08,2904,Vaseux Creek2904,2903,<Null>,<Null>,<Null>,<Null>,2F20,<Null>,<Null>,<Null>,1
201,Polygon,Vaseux Creek,0,41715.03054,58619840.72,2903,Vaseux Creek2903,2902,<Null>,<Null>,08NM015,<Null>,<Null>,<Null>,<Null>,<Null>,1
334,Polygon,Vaseux Creek,0,12397.46608,4829313.1,2902,Vaseux Creek2902,2901,A,<Null>,<Null>,<Null>,<Null>,<Null>,<Null>,<Null>,1
197,Polygon,Vaseux Creek,0,10676.85891,2475322.499,2901,Vaseux Creek2901,-1,Y,<Null>,08NM246,<Null>,<Null>,<Null>,<Null>,<Null>,1
172,Polygon,Trout Creek,0,27433.62266,34740173.98,2840,Trout Creek2840,2807,<Null>,<Null>,08NM134,<Null>,<Null>,<Null>,<Null>,<Null>,1
332,Polygon,Trout Creek,0,25808.4485,25946230.03,2839,Trout Creek2839,2838,<Null>,<Null>,<Null>,<Null>,<Null>,<Null>,<Null>,<Null>,1
331,Polygon,Trout Creek,0,54709.97464,48322747.22,2838,Trout Creek2838,2806,<Null>,<Null>,08NM055,<Null>,<Null>,<Null>,<Null>,<Null>,1
305,Polygon,Trout Creek,0,18772.63239,6529793.359,2837,Trout Creek2837,2832,<Null>,<Null>,<Null>,<Null>,<Null>,<Null>,<Null>,<Null>,1
304,Polygon,Trout Creek,0,9627.80651,1038822.767,2836,Trout Creek2836,2833,<Null>,<Null>,<Null>,<Null>,<Null>,<Null>,<Null>,<Null>,1
303,Polygon,Trout Creek,0,13200.2772,6035054.065,2835,Trout Creek2835,2834,<Null>,<Null>,<Null>,<Null>,<Null>,<Null>,<Null>,<Null>,1
300,Polygon,Trout Creek,0,2279.185627,179549.9948,2834,Trout Creek2834,2831,<Null>,Headwater4,<Null>,<Null>,<Null>,<Null>,<Null>,<Null>,1
301,Polygon,Trout Creek,0,3421.331153,196548.831,2833,Trout Creek2833,2831,<Null>,Headwater3,<Null>,<Null>,<Null>,<Null>,<Null>,<Null>,1
302,Polygon,Trout Creek,0,2802.307883,208842.5694,2832,Trout Creek2832,2831,<Null>,Headwater2,<Null>,<Null>,<Null>,<Null>,<Null>,<Null>,1
169,Polygon,Trout Creek,0,20975.86452,8948835.747,2831,Trout Creek2831,2830,<Null>,<Null>,<Null>,<Null>,2F02,<Null>,<Null>,<Null>,1
299,Polygon,Trout Creek,0,4579.460959,582245.2545,2830,Trout Creek2830,2824,<Null>,Headwater1,<Null>,<Null>,<Null>,<Null>,<Null>,<Null>,1
168,Polygon,Trout Creek,0,24472.46268,9182757.404,2829,Trout Creek2829,2828,<Null>,<Null>,<Null>,<Null>,<Null>,<Null>,<Null>,<Null>,1
98,Polygon,Trout Creek,0,2313.046685,184051.0109,2828,Trout Creek2828,2824,<Null>,Crescent,<Null>,<Null>,<Null>,<Null>,<Null>,<Null>,1
167,Polygon,Trout Creek,0,14317.13128,5031105.326,2827,Trout Creek2827,2826,<Null>,<Null>,<Null>,<Null>,<Null>,<Null>,<Null>,<Null>,1
100,Polygon,Trout Creek,0,3521.932988,398378.0603,2826,Trout Creek2826,2825,<Null>,Whitehead,<Null>,<Null>,<Null>,<Null>,<Null>,<Null>,1
170,Polygon,Trout Creek,0,38570.92402,46411646.05,2825,Trout Creek2825,2824,<Null>,<Null>,<Null>,<Null>,<Null>,<Null>,<Null>,<Null>,1
163,Polygon,Trout Creek,0,90385.29166,157853957.1,2824,Trout Creek2824,2823,<Null>,<Null>,<Null>,2F01AP,2F01A,<Null>,<Null>,<Null>,1
101,Polygon,Trout Creek,0,4117.03857,485013.4321,2823,Trout Creek2823,2821,<Null>,Thirsk,08NM238,<Null>,<Null>,<Null>,<Null>,<Null>,1
171,Polygon,Trout Creek,0,10325.71129,5437030.783,2821,Trout Creek2821,2807,<Null>,<Null>,08NM237,<Null>,<Null>,<Null>,<Null>,<Null>,1
173,Polygon,Trout Creek,0,10422.3426,1986359.964,2819,Trout Creek2819,2818,<Null>,<Null>,<Null>,<Null>,<Null>,<Null>,<Null>,<Null>,1
104,Polygon,Trout Creek,0,2446.848375,162111.721,2818,Trout Creek2818,2807,<Null>,Tsuh,<Null>,<Null>,<Null>,<Null>,<Null>,<Null>,1
174,Polygon,Trout Creek,0,5022.47717,407939.1154,2817,Trout Creek2817,2816,<Null>,<Null>,<Null>,<Null>,<Null>,<Null>,<Null>,<Null>,1
102,Polygon,Trout Creek,0,1275.924003,102621.4901,2816,Trout Creek2816,2813,<Null>,Munro,<Null>,<Null>,<Null>,<Null>,<Null>,<Null>,1
175,Polygon,Trout Creek,0,18035.81161,6540047.802,2815,Trout Creek2815,2814,<Null>,<Null>,<Null>,<Null>,<Null>,<Null>,<Null>,<Null>,1
103,Polygon,Trout Creek,0,3471.835848,226031.5686,2814,Trout Creek2814,2813,<Null>,Darke,08NM023,<Null>,<Null>,<Null>,<Null>,<Null>,1
177,Polygon,Trout Creek,0,38714.65431,44441966.34,2813,Trout Creek2813,2839,<Null>,<Null>,08NM025,<Null>,<Null>,<Null>,_AUTO,_AUTO,1
160,Polygon,Trout Creek,0,34060.70972,45291920.72,2812,Trout Creek2812,2811,<Null>,<Null>,08NM133,<Null>,<Null>,<Null>,<Null>,<Null>,1
161,Polygon,Trout Creek,0,7870.593783,2400856.64,2811,Trout Creek2811,2838,<Null>,<Null>,<Null>,<Null>,<Null>,<Null>,<Null>,<Null>,1
158,Polygon,Trout Creek,0,29627.14313,15994554.6,2810,Trout Creek2810,2809,<Null>,<Null>,<Null>,<Null>,<Null>,<Null>,<Null>,<Null>,1
105,Polygon,Trout Creek,0,7507.239878,354839.596,2809,Trout Creek2809,2808,<Null>,Isintok,<Null>,<Null>,<Null>,<Null>,<Null>,<Null>,1
159,Polygon,Trout Creek,0,33794.82855,30835729.85,2808,Trout Creek2808,2838,<Null>,<Null>,<Null>,<Null>,2F11,<Null>,<Null>,<Null>,1
28,Polygon,Trout Creek,0,67451.0424,174610428.7,2807,Trout Creek2807,2838,<Null>,<Null>,<Null>,<Null>,<Null>,<Null>,<Null>,<Null>,1
156,Polygon,Trout Creek,0,10484.95078,4523305.843,2806,Trout Creek2806,2805,<Null>,<Null>,08NM054,<Null>,<Null>,<Null>,<Null>,<Null>,1
155,Polygon,Trout Creek,0,39473.7652,28048764.11,2805,Trout Creek2805,2803,<Null>,<Null>,<Null>,<Null>,<Null>,<Null>,_AUTO,_AUTO,1
154,Polygon,Trout Creek,0,18960.51227,13475409.79,2804,Trout Creek2804,2803,<Null>,<Null>,<Null>,<Null>,<Null>,<Null>,<Null>,<Null>,1
157,Polygon,Trout Creek,0,21421.84717,18234840.48,2803,Trout Creek2803,2801,A,<Null>,<Null>,<Null>,<Null>,<Null>,<Null>,<Null>,1
150,Polygon,Trout Creek,0,6226.81265,1097526.876,2801,Trout Creek2801,-1,Y,<Null>,08NM158,<Null>,<Null>,<Null>,<Null>,<Null>,1
330,Polygon,Trepanier Creek,0,14766.90475,6817088.942,2709,Trepanier Creek2709,2707,<Null>,<Null>,<Null>,2F18P,2F18,<Null>,<Null>,<Null>,1
147,Polygon,Trepanier Creek,0,33331.24865,47692494.56,2708,Trepanier Creek2708,2706,<Null>,<Null>,<Null>,<Null>,<Null>,<Null>,<Null>,<Null>,1
149,Polygon,Trepanier Creek,0,32286.62826,25957391.8,2707,Trepanier Creek2707,2706,<Null>,<Null>,<Null>,<Null>,2F23,<Null>,<Null>,<Null>,1
27,Polygon,Trepanier Creek,0,43399.29561,45222536.19,2706,Trepanier Creek2706,2705,<Null>,<Null>,<Null>,<Null>,<Null>,<Null>,<Null>,<Null>,1
148,Polygon,Trepanier Creek,0,39845.4112,58307403.84,2705,Trepanier Creek2705,2703,<Null>,<Null>,08NM041,<Null>,<Null>,<Null>,<Null>,<Null>,1
144,Polygon,Trepanier Creek,0,34223.24383,40012644.41,2704,Trepanier Creek2704,2703,<Null>,<Null>,08NM013,<Null>,<Null>,<Null>,<Null>,<Null>,1
145,Polygon,Trepanier Creek,0,24221.43967,19639705.46,2703,Trepanier Creek2703,2701,A,<Null>,<Null>,<Null>,<Null>,<Null>,<Null>,<Null>,1
143,Polygon,Trepanier Creek,0,23492.83956,15942544.69,2702,Trepanier Creek2702,2703,<Null>,<Null>,<Null>,<Null>,<Null>,<Null>,<Null>,<Null>,1
142,Polygon,Trepanier Creek,0,2877.277447,450786.2666,2701,Trepanier Creek2701,-1,Y,<Null>,08NM155,<Null>,<Null>,<Null>,<Null>,<Null>,1
328,Polygon,Shuttleworth Creek,0,1642.546583,91142.37584,2610,Shuttleworth Creek2610,2608,<Null>,Clark Meadows,<Null>,<Null>,<Null>,<Null>,_AUTO,_AUTO,1
195,Polygon,Shuttleworth Creek,0,14785.67702,6361187.684,2609,Shuttleworth Creek2609,2610,<Null>,<Null>,<Null>,<Null>,<Null>,<Null>,_AUTO,_AUTO,1
329,Polygon,Shuttleworth Creek,0,11758.67954,5756084.646,2608,Shuttleworth Creek2608,2602,<Null>,<Null>,<Null>,<Null>,<Null>,<Null>,_AUTO,_AUTO,1
314,Polygon,Shuttleworth Creek,0,10603.1088,3057671.398,2607,Shuttleworth Creek2607,2606,<Null>,<Null>,<Null>,<Null>,<Null>,<Null>,_AUTO,_AUTO,1
313,Polygon,Shuttleworth Creek,0,2387.213571,187443.358,2606,Shuttleworth Creek2606,2604,<Null>,Allendale,<Null>,<Null>,<Null>,<Null>,_AUTO,_AUTO,1
26,Polygon,Shuttleworth Creek,0,35775.35712,43406453.07,2604,Shuttleworth Creek2604,2603,<Null>,<Null>,<Null>,<Null>,<Null>,<Null>,_AUTO,_AUTO,1
196,Polygon,Shuttleworth Creek,0,28391.47432,23270508.37,2603,Shuttleworth Creek2603,2602,<Null>,<Null>,08NM006,<Null>,<Null>,<Null>,_AUTO,_AUTO,1
194,Polygon,Shuttleworth Creek,0,14589.44519,6833107.124,2602,Shuttleworth Creek2602,2601,A,<Null>,<Null>,<Null>,<Null>,<Null>,_AUTO,_AUTO,1
193,Polygon,Shuttleworth Creek,0,4876.622567,996180.2555,2601,Shuttleworth Creek2601,-1,Y,<Null>,08NM149,<Null>,<Null>,<Null>,_AUTO,_AUTO,1
25,Polygon,Shingle Creek,0,47831.31036,43159653.98,2513,Shingle Creek2513,2512,<Null>,<Null>,<Null>,<Null>,<Null>,<Null>,<Null>,<Null>,1
325,Polygon,Shingle Creek,0,9629.264567,4252866.638,2512,Shingle Creek2512,2511,<Null>,<Null>,<Null>,<Null>,<Null>,<Null>,<Null>,<Null>,1
324,Polygon,Shingle Creek,0,27282.36258,24154065.5,2511,Shingle Creek2511,2501,A,<Null>,<Null>,<Null>,<Null>,<Null>,<Null>,<Null>,1
189,Polygon,Shingle Creek,0,28630.15992,18075006.17,2510,Shingle Creek2510,2507,<Null>,<Null>,<Null>,<Null>,<Null>,<Null>,<Null>,<Null>,1
309,Polygon,Shingle Creek,0,14080.51812,3292687.861,2509,Shingle Creek2509,2508,<Null>,<Null>,<Null>,<Null>,<Null>,<Null>,<Null>,<Null>,1
310,Polygon,Shingle Creek,0,4370.850537,192252.2842,2508,Shingle Creek2508,2510,<Null>,Brent,<Null>,<Null>,<Null>,<Null>,<Null>,<Null>,1
312,Polygon,Shingle Creek,0,3613.851941,154141.5782,2507,Shingle Creek2507,2503,<Null>,Farleigh,<Null>,<Null>,<Null>,<Null>,<Null>,<Null>,1
187,Polygon,Shingle Creek,0,39440.28686,39349150.37,2506,Shingle Creek2506,2513,<Null>,<Null>,08NM070,<Null>,<Null>,<Null>,<Null>,<Null>,1
186,Polygon,Shingle Creek,0,30672.77948,45421942.63,2505,Shingle Creek2505,2513,<Null>,<Null>,08NM038,<Null>,<Null>,<Null>,<Null>,<Null>,1
188,Polygon,Shingle Creek,0,50342.96295,100840426.4,2504,Shingle Creek2504,2503,<Null>,<Null>,08NM037,<Null>,<Null>,<Null>,<Null>,<Null>,1
311,Polygon,Shingle Creek,0,22749.7086,17658522.63,2503,Shingle Creek2503,2511,<Null>,<Null>,<Null>,<Null>,<Null>,<Null>,<Null>,<Null>,1
190,Polygon,Shingle Creek,0,7762.894203,2047294.083,2501,Shingle Creek2501,-1,Y,<Null>,08NM150,<Null>,<Null>,<Null>,<Null>,<Null>,1
382,Polygon,Powers Creek,0,11173.14117,4640301.316,2423,Powers Creek2423,2422,<Null>,<Null>,<Null>,<Null>,<Null>,Tadpole Lake _Div,<Null>,<Null>,1
384,Polygon,Powers Creek,0,1670.31829,61776.44965,2422,Powers Creek2422,2421,<Null>,Tadpole,<Null>,<Null>,<Null>,Tadpole Lake _Div,<Null>,<Null>,1
322,Polygon,Powers Creek,0,10704.54096,4779879.508,2421,Powers Creek2421,2416,<Null>,<Null>,<Null>,<Null>,<Null>,Alocin Diversion,<Null>,<Null>,1
267,Polygon,Powers Creek,0,13643.71787,5199792.424,2420,Powers Creek2420,2419,<Null>,<Null>,<Null>,<Null>,<Null>,<Null>,<Null>,<Null>,1
92,Polygon,Powers Creek,0,2230.807183,185298.7949,2419,Powers Creek2419,2405,<Null>,Paynter,<Null>,<Null>,<Null>,<Null>,<Null>,<Null>,1
129,Polygon,Powers Creek,0,3014.141435,337017.8501,2418,Powers Creek2418,2417,<Null>,<Null>,<Null>,<Null>,<Null>,<Null>,<Null>,<Null>,1
128,Polygon,Powers Creek,0,665.363064,23542.89675,2417,Powers Creek2417,2416,<Null>,West,<Null>,<Null>,<Null>,<Null>,<Null>,<Null>,1
131,Polygon,Powers Creek,0,6967.751386,1189181.945,2416,Powers Creek2416,2415,<Null>,<Null>,<Null>,<Null>,2F24,<Null>,<Null>,<Null>,1
127,Polygon,Powers Creek,0,1602.674542,95626.86058,2415,Powers Creek2415,2405,<Null>,Dobbin,<Null>,<Null>,<Null>,<Null>,<Null>,<Null>,1
133,Polygon,Powers Creek,0,10737.26739,2737823.145,2414,Powers Creek2414,2412,<Null>,<Null>,<Null>,<Null>,<Null>,<Null>,<Null>,<Null>,1
132,Polygon,Powers Creek,0,1536.28291,78654.5354,2413,Powers Creek2413,2412,<Null>,<Null>,<Null>,<Null>,<Null>,<Null>,<Null>,<Null>,1
126,Polygon,Powers Creek,0,4863.567465,321543.4565,2412,Powers Creek2412,2405,<Null>,Islaht,<Null>,<Null>,<Null>,<Null>,<Null>,<Null>,1
137,Polygon,Powers Creek,0,15271.63074,5551333.644,2411,Powers Creek2411,2410,<Null>,<Null>,<Null>,<Null>,<Null>,<Null>,<Null>,<Null>,1
93,Polygon,Powers Creek,0,3770.825763,425611.932,2410,Powers Creek2410,2409,<Null>,Jackpine,<Null>,<Null>,<Null>,<Null>,<Null>,<Null>,1
136,Polygon,Powers Creek,0,19888.24169,16737918.19,2409,Powers Creek2409,2405,<Null>,<Null>,<Null>,<Null>,<Null>,<Null>,<Null>,<Null>,1
134,Polygon,Powers Creek,0,30842.74016,19410693.37,2408,Powers Creek2408,2407,<Null>,<Null>,<Null>,<Null>,<Null>,<Null>,<Null>,<Null>,1
91,Polygon,Powers Creek,0,5715.000002,813294.6157,2407,Powers Creek2407,2406,<Null>,Lambly,08NM136,<Null>,<Null>,<Null>,<Null>,<Null>,1
135,Polygon,Powers Creek,0,22205.39998,13481618.61,2406,Powers Creek2406,2405,<Null>,<Null>,<Null>,<Null>,<Null>,<Null>,<Null>,<Null>,1
24,Polygon,Powers Creek,0,61197.69929,51914647.17,2405,Powers Creek2405,2404,<Null>,<Null>,<Null>,<Null>,<Null>,<Null>,<Null>,<Null>,1
141,Polygon,Powers Creek,0,13685.98895,9557567.525,2404,Powers Creek2404,2403,<Null>,<Null>,08NM033,<Null>,<Null>,<Null>,_AUTO,_AUTO,1
140,Polygon,Powers Creek,0,8134.469056,1798499.68,2403,Powers Creek2403,2402,<Null>,<Null>,08NM034,<Null>,<Null>,<Null>,<Null>,<Null>,1
139,Polygon,Powers Creek,0,22619.00736,15149871.95,2402,Powers Creek2402,2401,A,<Null>,<Null>,<Null>,<Null>,<Null>,<Null>,<Null>,1
138,Polygon,Powers Creek,0,2594.985659,301009.6065,2401,Powers Creek2401,-1,Y,<Null>,08NM157,<Null>,<Null>,<Null>,<Null>,<Null>,1
185,Polygon,Penticton Creek,0,31265.65097,23092513.03,2315,Penticton Creek2315,2302,<Null>,<Null>,<Null>,<Null>,<Null>,<Null>,_AUTO,_AUTO,1
184,Polygon,Penticton Creek,0,4719.55331,1197479.604,2314,Penticton Creek2314,2306,<Null>,<Null>,08NM069,<Null>,<Null>,<Null>,<Null>,<Null>,1
180,Polygon,Penticton Creek,0,10383.27056,4982883.303,2313,Penticton Creek2313,2311,<Null>,<Null>,08NM240,<Null>,<Null>,<Null>,<Null>,<Null>,1
181,Polygon,Penticton Creek,0,9617.393358,5112124.777,2312,Penticton Creek2312,2311,<Null>,<Null>,08NM241,<Null>,<Null>,<Null>,<Null>,<Null>,1
179,Polygon,Penticton Creek,0,31833.77568,20750051.95,2311,Penticton Creek2311,2310,<Null>,<Null>,<Null>,<Null>,<Null>,<Null>,<Null>,<Null>,1
107,Polygon,Penticton Creek,0,8765.540964,970562.0151,2310,Penticton Creek2310,2309,<Null>,Greyback,08NM169,<Null>,<Null>,<Null>,<Null>,<Null>,1
183,Polygon,Penticton Creek,0,7836.216541,2579719.219,2309,Penticton Creek2309,2307,<Null>,<Null>,08NM168,2F08P,<Null>,<Null>,<Null>,<Null>,1
182,Polygon,Penticton Creek,0,5823.565966,1641647.468,2308,Penticton Creek2308,2307,<Null>,<Null>,08NM242,<Null>,<Null>,<Null>,<Null>,<Null>,1
295,Polygon,Penticton Creek,0,17856.14127,8913060.789,2307,Penticton Creek2307,2306,<Null>,<Null>,<Null>,<Null>,2F08,<Null>,<Null>,<Null>,1
296,Polygon,Penticton Creek,0,31373.93656,36016326.04,2306,Penticton Creek2306,2304,<Null>,<Null>,<Null>,<Null>,<Null>,<Null>,<Null>,<Null>,1
23,Polygon,Penticton Creek,0,25095.16946,27751289.82,2305,Penticton Creek2305,2304,<Null>,<Null>,<Null>,<Null>,<Null>,<Null>,<Null>,<Null>,1
298,Polygon,Penticton Creek,0,18751.8901,15150917.65,2304,Penticton Creek2304,2303,<Null>,<Null>,<Null>,<Null>,<Null>,<Null>,<Null>,<Null>,1
297,Polygon,Penticton Creek,0,31356.3388,23128705.87,2303,Penticton Creek2303,2315,<Null>,<Null>,08NM170,<Null>,<Null>,<Null>,<Null>,<Null>,1
388,Polygon,Penticton Creek,0,15527.19593,4544918.259,2302,Penticton Creek2302,2301,A,<Null>,<Null>,<Null>,<Null>,<Null>,<Null>,<Null>,1
294,Polygon,Penticton Creek,0,10043.88668,4205677.308,2301,Penticton Creek2301,-1,Y,<Null>,<Null>,<Null>,<Null>,<Null>,<Null>,<Null>,1
288,Polygon,Naswhito Creek,0,33690.46984,26739646.15,2207,Naswhito Creek2207,2206,<Null>,<Null>,<Null>,<Null>,<Null>,<Null>,<Null>,<Null>,1
290,Polygon,Naswhito Creek,0,23997.93943,15211801.15,2206,Naswhito Creek2206,2205,<Null>,<Null>,<Null>,<Null>,<Null>,<Null>,<Null>,<Null>,1
22,Polygon,Naswhito Creek,0,36085.1755,20378687.53,2205,Naswhito Creek2205,2204,<Null>,<Null>,<Null>,<Null>,<Null>,<Null>,<Null>,<Null>,1
289,Polygon,Naswhito Creek,0,14910.22327,8731294.582,2204,Naswhito Creek2204,2203,<Null>,<Null>,<Null>,<Null>,<Null>,<Null>,<Null>,<Null>,1
287,Polygon,Naswhito Creek,0,16099.17453,8370666.66,2203,Naswhito Creek2203,2202,<Null>,<Null>,08NM047,<Null>,<Null>,<Null>,<Null>,<Null>,1
291,Polygon,Naswhito Creek,0,14147.00215,5472575.434,2202,Naswhito Creek2202,2201,A,<Null>,<Null>,<Null>,<Null>,<Null>,<Null>,<Null>,1
286,Polygon,Naswhito Creek,0,8026.087531,1639924.459,2201,Naswhito Creek2201,-1,Y,<Null>,<Null>,<Null>,<Null>,<Null>,<Null>,<Null>,1
21,Polygon,Naramata Creek,0,28775.8105,32559963.03,2103,Naramata Creek2103,2102,<Null>,<Null>,<Null>,<Null>,<Null>,<Null>,<Null>,<Null>,1
323,Polygon,Naramata Creek,0,21309.75095,7970855.268,2102,Naramata Creek2102,2101,A,<Null>,<Null>,<Null>,<Null>,Highline,<Null>,<Null>,1
178,Polygon,Naramata Creek,0,6901.215635,1274203.252,2101,Naramata Creek2101,-1,Y,<Null>,<Null>,<Null>,<Null>,<Null>,<Null>,<Null>,1
278,Polygon,Mill Creek,0,22814.17986,23701185.78,1939,Mill Creek1939,1938,<Null>,<Null>,<Null>,<Null>,<Null>,<Null>,<Null>,<Null>,1
343,Polygon,Mill Creek,0,6842.951595,1616953.328,1938,Mill Creek1938,1908,<Null>,<Null>,<Null>,<Null>,<Null>,<Null>,<Null>,<Null>,1
335,Polygon,Mill Creek,0,13138.31948,5834697.776,1937,Mill Creek1937,1933,<Null>,<Null>,<Null>,<Null>,<Null>,<Null>,<Null>,<Null>,1
269,Polygon,Mill Creek,0,32002.08164,18451733.51,1936,Mill Creek1936,1935,<Null>,<Null>,<Null>,<Null>,2F07,<Null>,<Null>,<Null>,1
87,Polygon,Mill Creek,0,7195.461354,893999.0448,1935,Mill Creek1935,1934,<Null>,Postill,<Null>,<Null>,<Null>,<Null>,<Null>,<Null>,1
336,Polygon,Mill Creek,0,5831.464518,1533849.828,1934,Mill Creek1934,1933,<Null>,<Null>,<Null>,<Null>,<Null>,<Null>,<Null>,<Null>,1
350,Polygon,Mill Creek,0,4483.273275,943978.8398,1933,Mill Creek1933,1913,<Null>,<Null>,<Null>,<Null>,<Null>,<Null>,<Null>,<Null>,1
270,Polygon,Mill Creek,0,17147.98571,6638386.555,1932,Mill Creek1932,1931,<Null>,<Null>,<Null>,<Null>,2F25,<Null>,<Null>,<Null>,1
88,Polygon,Mill Creek,0,3311.86717,203732.3375,1931,Mill Creek1931,1930,<Null>,South,<Null>,<Null>,<Null>,<Null>,<Null>,<Null>,1
337,Polygon,Mill Creek,0,8039.927147,2703882.415,1930,Mill Creek1930,1913,<Null>,<Null>,<Null>,<Null>,<Null>,<Null>,<Null>,<Null>,1
271,Polygon,Mill Creek,0,14898.22336,4381170.994,1929,Mill Creek1929,1928,<Null>,<Null>,<Null>,<Null>,<Null>,<Null>,<Null>,<Null>,1
89,Polygon,Mill Creek,0,3952.838728,407358.0379,1928,Mill Creek1928,1926,<Null>,James,<Null>,<Null>,<Null>,<Null>,<Null>,<Null>,1
351,Polygon,Mill Creek,0,9423.58156,4087003.501,1927,Mill Creek1927,1925,<Null>,<Null>,<Null>,<Null>,<Null>,<Null>,<Null>,<Null>,1
272,Polygon,Mill Creek,0,17476.5139,7561334.418,1926,Mill Creek1926,1925,<Null>,<Null>,<Null>,<Null>,<Null>,<Null>,<Null>,<Null>,1
279,Polygon,Mill Creek,0,21017.46,16665179.9,1925,Mill Creek1925,1924,<Null>,<Null>,08NM036,<Null>,<Null>,<Null>,_AUTO,_AUTO,1
338,Polygon,Mill Creek,0,16160.86535,6487763.462,1924,Mill Creek1924,1923,<Null>,<Null>,<Null>,<Null>,<Null>,<Null>,<Null>,<Null>,1
339,Polygon,Mill Creek,0,6715.13105,664442.9168,1923,Mill Creek1923,1907,<Null>,<Null>,<Null>,<Null>,<Null>,<Null>,<Null>,<Null>,1
281,Polygon,Mill Creek,0,12437.45146,6830560.155,1922,Mill Creek1922,1921,<Null>,<Null>,<Null>,<Null>,<Null>,<Null>,<Null>,<Null>,1
347,Polygon,Mill Creek,0,13262.39189,5187733.243,1921,Mill Creek1921,1906,<Null>,<Null>,<Null>,<Null>,<Null>,<Null>,<Null>,<Null>,1
348,Polygon,Mill Creek,0,13224.60824,5030896.245,1920,Mill Creek1920,1919,<Null>,<Null>,<Null>,<Null>,<Null>,<Null>,<Null>,<Null>,1
344,Polygon,Mill Creek,0,16503.51322,6946348.169,1919,Mill Creek1919,1905,<Null>,<Null>,<Null>,<Null>,<Null>,<Null>,<Null>,<Null>,1
19,Polygon,Mill Creek,0,20474.51868,16128966.61,1918,Mill Creek1918,1905,<Null>,<Null>,<Null>,<Null>,<Null>,<Null>,<Null>,<Null>,1
268,Polygon,Mill Creek,0,11950.19913,5993270.254,1917,Mill Creek1917,1916,<Null>,<Null>,08NM234,<Null>,<Null>,<Null>,<Null>,<Null>,1
284,Polygon,Mill Creek,0,13365.48929,4101470.1,1916,Mill Creek1916,1915,<Null>,<Null>,<Null>,<Null>,<Null>,<Null>,<Null>,<Null>,1
86,Polygon,Mill Creek,0,2550.933485,209397.5769,1915,Mill Creek1915,1914,<Null>,Moore,<Null>,<Null>,<Null>,<Null>,<Null>,<Null>,1
273,Polygon,Mill Creek,0,8479.573894,3616400.585,1914,Mill Creek1914,1913,<Null>,<Null>,08NM145,<Null>,<Null>,<Null>,<Null>,<Null>,1
274,Polygon,Mill Creek,0,18574.26815,8360900.367,1913,Mill Creek1913,1912,<Null>,<Null>,<Null>,<Null>,<Null>,<Null>,<Null>,<Null>,1
275,Polygon,Mill Creek,0,22154.13996,15228427.45,1912,Mill Creek1912,1911,<Null>,<Null>,08NM026,<Null>,<Null>,<Null>,<Null>,<Null>,1
276,Polygon,Mill Creek,0,7105.245776,2115845.894,1911,Mill Creek1911,1910,<Null>,<Null>,<Null>,<Null>,<Null>,<Null>,_AUTO,_AUTO,1
342,Polygon,Mill Creek,0,5929.40319,863532.407,1910,Mill Creek1910,1909,<Null>,<Null>,<Null>,<Null>,<Null>,<Null>,<Null>,<Null>,1
277,Polygon,Mill Creek,0,14839.59563,4987189.507,1909,Mill Creek1909,1908,<Null>,<Null>,<Null>,<Null>,<Null>,<Null>,<Null>,<Null>,1
341,Polygon,Mill Creek,0,9756.131606,4286207.592,1908,Mill Creek1908,1907,<Null>,<Null>,<Null>,<Null>,<Null>,<Null>,<Null>,<Null>,1
280,Polygon,Mill Creek,0,14781.33014,10189333.56,1907,Mill Creek1907,1906,<Null>,<Null>,08NM117,<Null>,<Null>,<Null>,<Null>,<Null>,1
349,Polygon,Mill Creek,0,11385.37584,4201642.219,1906,Mill Creek1906,1905,<Null>,<Null>,<Null>,<Null>,<Null>,<Null>,<Null>,<Null>,1
353,Polygon,Mill Creek,0,13739.47823,3863836.447,1905,Mill Creek1905,1904,<Null>,<Null>,<Null>,<Null>,<Null>,<Null>,<Null>,<Null>,1
346,Polygon,Mill Creek,0,7834.681801,1544421.612,1904,Mill Creek1904,1903,<Null>,<Null>,08NM053,<Null>,<Null>,<Null>,<Null>,<Null>,1
345,Polygon,Mill Creek,0,6669.470163,2006442.094,1903,Mill Creek1903,1902,<Null>,<Null>,<Null>,<Null>,<Null>,<Null>,<Null>,<Null>,1
283,Polygon,Mill Creek,0,12148.57343,4253326.775,1902,Mill Creek1902,1901,A,<Null>,<Null>,<Null>,<Null>,<Null>,<Null>,<Null>,1
282,Polygon,Mill Creek,0,14189.39519,4965223.935,1901,Mill Creek1901,-1,Y,<Null>,<Null>,<Null>,<Null>,<Null>,<Null>,<Null>,1
191,Polygon,McLean Creek,0,27349.81851,26187430.51,1803,McLean Creek1803,1802,<Null>,<Null>,08NM005,<Null>,<Null>,<Null>,<Null>,<Null>,1
18,Polygon,McLean Creek,0,32982.98831,36942405.82,1802,McLean Creek1802,1801,A,<Null>,<Null>,<Null>,<Null>,<Null>,<Null>,<Null>,1
192,Polygon,McLean Creek,0,1498.012307,87469.3651,1801,McLean Creek1801,-1,Y,<Null>,<Null>,<Null>,<Null>,<Null>,<Null>,<Null>,1
318,Polygon,McDougall Creek,0,13804.04363,7099037.568,1708,McDougall Creek1708,1703,<Null>,<Null>,<Null>,<Null>,<Null>,<Null>,<Null>,<Null>,1
308,Polygon,McDougall Creek,0,4449.710424,622552.5077,1707,McDougall Creek1707,1706,<Null>,<Null>,<Null>,<Null>,<Null>,<Null>,<Null>,<Null>,1
307,Polygon,McDougall Creek,0,1023.771625,68535.64953,1706,McDougall Creek1706,1703,<Null>,Hayman,<Null>,<Null>,<Null>,<Null>,<Null>,<Null>,1
122,Polygon,McDougall Creek,0,14372.56963,9032982.25,1705,McDougall Creek1705,1703,<Null>,<Null>,<Null>,<Null>,<Null>,<Null>,<Null>,<Null>,1
123,Polygon,McDougall Creek,0,12923.72972,8622626.431,1704,McDougall Creek1704,1703,<Null>,<Null>,<Null>,<Null>,<Null>,<Null>,<Null>,<Null>,1
17,Polygon,McDougall Creek,0,28682.37396,17443777.07,1703,McDougall Creek1703,1702,<Null>,<Null>,08NM014,<Null>,<Null>,<Null>,<Null>,<Null>,1
124,Polygon,McDougall Creek,0,11589.09958,5225298.498,1702,McDougall Creek1702,1701,<Null>,<Null>,<Null>,<Null>,<Null>,<Null>,1706,0.61,1
317,Polygon,McDougall Creek,0,10022.3252,4662982.442,1701,McDougall Creek1701,1700,A,<Null>,<Null>,<Null>,<Null>,<Null>,<Null>,<Null>,1
125,Polygon,McDougall Creek,0,4485.694661,690755.2708,1700,McDougall Creek1700,-1,Y,<Null>,<Null>,<Null>,<Null>,<Null>,<Null>,<Null>,1
16,Polygon,Inkaneep Creek,0,44555.45304,65499666.85,1607,Inkaneep Creek1607,1604,<Null>,<Null>,08NM082,<Null>,<Null>,<Null>,<Null>,<Null>,1
208,Polygon,Inkaneep Creek,0,22711.31146,16645612.47,1606,Inkaneep Creek1606,1604,<Null>,<Null>,<Null>,<Null>,<Null>,<Null>,<Null>,<Null>,1
207,Polygon,Inkaneep Creek,0,29262.46136,18486002.55,1605,Inkaneep Creek1605,1604,<Null>,<Null>,<Null>,<Null>,<Null>,<Null>,<Null>,<Null>,1
209,Polygon,Inkaneep Creek,0,68020.81046,62883579.84,1604,Inkaneep Creek1604,1602,<Null>,<Null>,08NM012,<Null>,<Null>,<Null>,<Null>,<Null>,1
205,Polygon,Inkaneep Creek,0,18165.76918,7519871.943,1603,Inkaneep Creek1603,1602,<Null>,<Null>,<Null>,<Null>,<Null>,<Null>,<Null>,<Null>,1
206,Polygon,Inkaneep Creek,0,18460.79542,7852809.234,1602,Inkaneep Creek1602,1601,A,<Null>,08NM200,<Null>,<Null>,<Null>,<Null>,<Null>,1
204,Polygon,Inkaneep Creek,0,2668.920326,296395.0412,1601,Inkaneep Creek1601,-1,Y,<Null>,<Null>,<Null>,<Null>,<Null>,<Null>,<Null>,1
387,Polygon,Equesis Creek,0,12146.61828,4068037.291,1512,Equesis Creek1512,1503,<Null>,<Null>,<Null>,<Null>,<Null>,<Null>,_AUTO,_AUTO,1
386,Polygon,Equesis Creek,0,22720.39238,11775113.06,1511,Equesis Creek1511,1512,<Null>,<Null>,<Null>,<Null>,<Null>,<Null>,_AUTO,_AUTO,1
15,Polygon,Equesis Creek,0,35631.28402,39907165.16,1510,Equesis Creek1510,1511,<Null>,<Null>,<Null>,<Null>,<Null>,<Null>,_AUTO,_AUTO,1
112,Polygon,Equesis Creek,0,46930.00647,51544692.37,1509,Equesis Creek1509,1506,<Null>,<Null>,08NM176,<Null>,2F06,<Null>,<Null>,<Null>,1
111,Polygon,Equesis Creek,0,43777.17737,37250470.97,1508,Equesis Creek1508,1507,<Null>,<Null>,<Null>,<Null>,<Null>,<Null>,<Null>,<Null>,1
306,Polygon,Equesis Creek,0,8908.647731,1623606.285,1507,Equesis Creek1507,1510,<Null>,Pinaus,<Null>,<Null>,<Null>,<Null>,<Null>,<Null>,1
316,Polygon,Equesis Creek,0,5930.572193,1014979.566,1506,Equesis Creek1506,1511,<Null>,<Null>,<Null>,<Null>,<Null>,<Null>,<Null>,<Null>,1
110,Polygon,Equesis Creek,0,22006.84221,14555513.73,1505,Equesis Creek1505,1512,<Null>,<Null>,<Null>,<Null>,<Null>,<Null>,<Null>,<Null>,1
109,Polygon,Equesis Creek,0,26398.50868,19449338.56,1504,Equesis Creek1504,1503,<Null>,<Null>,<Null>,<Null>,<Null>,<Null>,<Null>,<Null>,1
385,Polygon,Equesis Creek,0,17462.34388,16824669.12,1503,Equesis Creek1503,1502,<Null>,<Null>,08NM024,<Null>,<Null>,<Null>,_AUTO,_AUTO,1
113,Polygon,Equesis Creek,0,11309.37988,4641825.867,1502,Equesis Creek1502,1501,A,<Null>,<Null>,<Null>,<Null>,<Null>,_AUTO,_AUTO,1
108,Polygon,Equesis Creek,0,6665.832379,801610.9121,1501,Equesis Creek1501,-1,Y,<Null>,<Null>,<Null>,<Null>,<Null>,_AUTO,_AUTO,1
321,Polygon,Coldstream Creek,21604.73289,75406.6998,171473263.3,1421,Coldstream Creek1421,1415,<Null>,<Null>,<Null>,<Null>,1F01A,Duteau Creek,<Null>,<Null>,1
215,Polygon,Coldstream Creek,0,19434.35937,6640050.6,1420,Coldstream Creek1420,1419,<Null>,<Null>,<Null>,<Null>,<Null>,<Null>,<Null>,<Null>,1
82,Polygon,Coldstream Creek,0,3570.158205,318390.9888,1419,Coldstream Creek1419,1418,<Null>,King Edward,<Null>,<Null>,<Null>,<Null>,<Null>,<Null>,1
214,Polygon,Coldstream Creek,0,25270.75856,20769741.43,1418,Coldstream Creek1418,1416,<Null>,<Null>,<Null>,<Null>,<Null>,<Null>,1419,1,1
377,Polygon,Coldstream Creek,0,14293.97123,8885056.253,1417,Coldstream Creek1417,1416,<Null>,<Null>,<Null>,<Null>,<Null>,<Null>,<Null>,<Null>,1
376,Polygon,Coldstream Creek,0,2312.157467,302243.6741,1416,Coldstream Creek1416,1404,<Null>,<Null>,<Null>,<Null>,<Null>,<Null>,<Null>,<Null>,1
216,Polygon,Coldstream Creek,0,29365.8665,23424654.53,1415,Coldstream Creek1415,1413,<Null>,<Null>,<Null>,<Null>,<Null>,<Null>,<Null>,<Null>,1
375,Polygon,Coldstream Creek,0,25832.78041,16752445.72,1414,Coldstream Creek1414,1413,<Null>,<Null>,<Null>,<Null>,<Null>,<Null>,<Null>,<Null>,1
374,Polygon,Coldstream Creek,0,3435.134535,495486.6554,1413,Coldstream Creek1413,1407,<Null>,<Null>,<Null>,<Null>,<Null>,<Null>,<Null>,<Null>,1
212,Polygon,Coldstream Creek,0,28900.48627,38392768.82,1412,Coldstream Creek1412,1411,<Null>,<Null>,<Null>,<Null>,<Null>,<Null>,<Null>,<Null>,1
218,Polygon,Coldstream Creek,0,24887.16479,23461976.87,1411,Coldstream Creek1411,1410,<Null>,<Null>,08NM142,<Null>,<Null>,<Null>,<Null>,<Null>,1
213,Polygon,Coldstream Creek,0,7947.713181,3325379.973,1410,Coldstream Creek1410,1409,<Null>,<Null>,08NM124,<Null>,<Null>,<Null>,<Null>,<Null>,1
372,Polygon,Coldstream Creek,0,9361.730934,3127128.212,1409,Coldstream Creek1409,1408,<Null>,<Null>,<Null>,<Null>,<Null>,<Null>,<Null>,<Null>,1
373,Polygon,Coldstream Creek,0,14241.51398,7156976.872,1408,Coldstream Creek1408,1407,<Null>,<Null>,<Null>,<Null>,<Null>,<Null>,<Null>,<Null>,1
378,Polygon,Coldstream Creek,0,18071.57044,14432055.05,1407,Coldstream Creek1407,1406,<Null>,<Null>,<Null>,<Null>,<Null>,<Null>,<Null>,<Null>,1
14,Polygon,Coldstream Creek,0,30223.07506,20467237.67,1406,Coldstream Creek1406,1405,<Null>,<Null>,<Null>,<Null>,<Null>,<Null>,<Null>,<Null>,1
379,Polygon,Coldstream Creek,0,7643.357753,1538132.743,1405,Coldstream Creek1405,1404,<Null>,<Null>,<Null>,<Null>,<Null>,<Null>,<Null>,<Null>,1
217,Polygon,Coldstream Creek,0,19383.02224,13250168.6,1404,Coldstream Creek1404,1403,<Null>,<Null>,<Null>,<Null>,<Null>,<Null>,<Null>,<Null>,1
381,Polygon,Coldstream Creek,0,2301.957638,195350.9979,1403,Coldstream Creek1403,1402,<Null>,<Null>,08NM154,<Null>,<Null>,<Null>,<Null>,<Null>,1
211,Polygon,Coldstream Creek,0,7379.077834,2336014.061,1402,Coldstream Creek1402,1401,A,<Null>,08NM179,<Null>,<Null>,<Null>,<Null>,<Null>,1
210,Polygon,Coldstream Creek,0,5440.266294,775688.6475,1401,Coldstream Creek1401,-1,Y,<Null>,<Null>,<Null>,<Null>,<Null>,<Null>,<Null>,1
319,Polygon,Mission Creek,0,24905.75875,11813196.76,256,Mission Creek256,255,<Null>,<Null>,<Null>,<Null>,<Null>,Sterling Diversion,<Null>,<Null>,1
54,Polygon,Mission Creek,84512.96957,53478.98723,27627050.51,255,Mission Creek255,254,<Null>,<Null>,<Null>,<Null>,<Null>,<Null>,<Null>,<Null>,1
55,Polygon,Mission Creek,84512.96957,16546.78729,2929428.034,254,Mission Creek254,234,<Null>,McCulloch,08NM011,<Null>,<Null>,<Null>,<Null>,<Null>,1
57,Polygon,Mission Creek,84512.96957,20458.38451,6268793.05,253,Mission Creek253,252,<Null>,<Null>,<Null>,<Null>,<Null>,<Null>,<Null>,<Null>,1
58,Polygon,Mission Creek,84512.96957,4366.219491,522517.5348,252,Mission Creek252,251,<Null>,Fish Hawk,<Null>,<Null>,<Null>,<Null>,<Null>,<Null>,1
354,Polygon,Mission Creek,84512.96957,19799.68424,18121143.52,251,Mission Creek251,218,<Null>,<Null>,<Null>,<Null>,<Null>,<Null>,<Null>,<Null>,1
61,Polygon,Mission Creek,84512.96957,24297.28921,17065706.74,250,Mission Creek250,249,<Null>,<Null>,<Null>,<Null>,<Null>,<Null>,<Null>,<Null>,1
62,Polygon,Mission Creek,84512.96957,3381.697875,370337.3784,249,Mission Creek249,248,<Null>,Graystoke,08NM230,<Null>,<Null>,<Null>,<Null>,<Null>,1
356,Polygon,Mission Creek,84512.96957,8605.786714,1927639.224,248,Mission Creek248,218,<Null>,<Null>,<Null>,<Null>,<Null>,<Null>,<Null>,<Null>,1
65,Polygon,Mission Creek,84512.96957,11993.77711,2628194.069,247,Mission Creek247,246,<Null>,<Null>,<Null>,<Null>,<Null>,<Null>,<Null>,<Null>,1
66,Polygon,Mission Creek,84512.96957,3340.748009,221779.5053,246,Mission Creek246,245,<Null>,Loch Long,<Null>,<Null>,<Null>,<Null>,<Null>,<Null>,1
355,Polygon,Mission Creek,84512.96957,7702.421934,1533406.606,245,Mission Creek245,217,<Null>,<Null>,<Null>,<Null>,<Null>,<Null>,<Null>,<Null>,1
357,Polygon,Mission Creek,84512.96957,58310.53359,72953794.92,244,Mission Creek244,216,<Null>,<Null>,<Null>,<Null>,<Null>,<Null>,<Null>,<Null>,1
69,Polygon,Mission Creek,84512.96957,34136.61233,45373261.75,243,Mission Creek243,215,<Null>,<Null>,<Null>,<Null>,<Null>,<Null>,<Null>,<Null>,1
71,Polygon,Mission Creek,84512.96957,17790.37297,13058708.11,242,Mission Creek242,214,<Null>,<Null>,<Null>,<Null>,<Null>,<Null>,<Null>,<Null>,1
49,Polygon,Mission Creek,84512.96957,4958.592241,573127.4728,241,Mission Creek241,240,<Null>,<Null>,<Null>,<Null>,<Null>,<Null>,<Null>,<Null>,1
51,Polygon,Mission Creek,84512.96957,1499.960663,85866.64435,240,Mission Creek240,238,<Null>,Long Meadow,08NM217,<Null>,<Null>,<Null>,<Null>,<Null>,1
47,Polygon,Mission Creek,84512.96957,2856.275926,407904.7375,239,Mission Creek239,236,<Null>,<Null>,<Null>,<Null>,<Null>,<Null>,<Null>,<Null>,1
46,Polygon,Mission Creek,84512.96957,7397.989973,1334214.208,238,Mission Creek238,236,<Null>,<Null>,<Null>,<Null>,<Null>,<Null>,<Null>,<Null>,1
48,Polygon,Mission Creek,84512.96957,2857.222706,273557.0312,237,Mission Creek237,236,<Null>,Browne,08NM216,<Null>,<Null>,<Null>,<Null>,<Null>,1
78,Polygon,Mission Creek,84512.96957,6852.926175,1239588.497,236,Mission Creek236,235,<Null>,<Null>,<Null>,<Null>,<Null>,<Null>,<Null>,<Null>,1
52,Polygon,Mission Creek,84512.96957,1785.351936,130334.3723,235,Mission Creek235,234,<Null>,Fish,08NM215,<Null>,<Null>,<Null>,<Null>,<Null>,1
45,Polygon,Mission Creek,84512.96957,39609.99458,45229729.81,234,Mission Creek234,233,<Null>,<Null>,<Null>,<Null>,2F03,<Null>,_AUTO,_AUTO,1
53,Polygon,Mission Creek,84512.96957,13763.22893,5858339.535,233,Mission Creek233,212,<Null>,<Null>,<Null>,<Null>,<Null>,<Null>,<Null>,<Null>,1
73,Polygon,Mission Creek,84512.96957,24668.39204,23432829.24,232,Mission Creek232,229,<Null>,<Null>,<Null>,<Null>,<Null>,<Null>,<Null>,<Null>,1
43,Polygon,Mission Creek,84512.96957,17242.38135,16604879.33,231,Mission Creek231,230,<Null>,<Null>,08NM210,<Null>,<Null>,<Null>,<Null>,<Null>,1
365,Polygon,Mission Creek,84512.96957,16219.0287,11584004.64,230,Mission Creek230,229,<Null>,<Null>,<Null>,<Null>,<Null>,<Null>,<Null>,<Null>,1
56,Polygon,Mission Creek,84512.96957,30977.69856,22551688.84,229,Mission Creek229,211,<Null>,<Null>,<Null>,<Null>,<Null>,<Null>,<Null>,<Null>,1
63,Polygon,Mission Creek,84512.96957,44614.13054,34407376.99,228,Mission Creek228,227,<Null>,<Null>,<Null>,<Null>,<Null>,<Null>,<Null>,<Null>,1
64,Polygon,Mission Creek,84512.96957,9265.794353,1382962.54,227,Mission Creek227,226,<Null>,Ideal,08NM231,<Null>,<Null>,<Null>,<Null>,<Null>,1
67,Polygon,Mission Creek,84512.96957,39345.21899,28539669.08,226,Mission Creek226,225,<Null>,<Null>,08NM232,<Null>,<Null>,<Null>,<Null>,<Null>,1
37,Polygon,Mission Creek,84512.96957,51073.60224,75161913.7,225,Mission Creek225,223,<Null>,<Null>,<Null>,<Null>,<Null>,<Null>,<Null>,<Null>,1
370,Polygon,Mission Creek,84512.96957,26752.39533,30911681.2,224,Mission Creek224,223,<Null>,<Null>,<Null>,<Null>,2F22,<Null>,<Null>,<Null>,1
371,Polygon,Mission Creek,84512.96957,15734.30548,9287099.522,223,Mission Creek223,215,<Null>,<Null>,08NM225,<Null>,<Null>,<Null>,<Null>,<Null>,1
72,Polygon,Mission Creek,84512.96957,29809.02831,31247289.6,222,Mission Creek222,221,<Null>,<Null>,08NM137,<Null>,<Null>,<Null>,<Null>,<Null>,1
361,Polygon,Mission Creek,84512.96957,12739.87591,4050959.085,221,Mission Creek221,214,<Null>,<Null>,<Null>,<Null>,<Null>,<Null>,<Null>,<Null>,1
59,Polygon,Mission Creek,84512.96957,12810.10578,3545871.096,220,Mission Creek220,219,<Null>,<Null>,<Null>,<Null>,<Null>,<Null>,<Null>,<Null>,1
60,Polygon,Mission Creek,84512.96957,3556.721104,333173.0306,219,Mission Creek219,218,<Null>,Mission,<Null>,<Null>,<Null>,<Null>,<Null>,<Null>,1
369,Polygon,Mission Creek,84512.96957,37771.80415,22628591.91,218,Mission Creek218,217,<Null>,<Null>,<Null>,<Null>,2F04,<Null>,<Null>,<Null>,1
68,Polygon,Mission Creek,84512.96957,58957.01494,111928720.7,217,Mission Creek217,216,<Null>,<Null>,<Null>,2F05P,2F05,<Null>,<Null>,<Null>,1
358,Polygon,Mission Creek,84512.96957,19407.27541,19045495.87,216,Mission Creek216,215,<Null>,<Null>,<Null>,<Null>,<Null>,<Null>,<Null>,<Null>,1
359,Polygon,Mission Creek,84512.96957,28330.67019,24468874.97,215,Mission Creek215,214,<Null>,<Null>,<Null>,<Null>,<Null>,<Null>,<Null>,<Null>,1
70,Polygon,Mission Creek,84512.96957,29719.868,25007084.62,214,Mission Creek214,213,<Null>,<Null>,<Null>,<Null>,<Null>,<Null>,_AUTO,_AUTO,1
362,Polygon,Mission Creek,84512.96957,24234.66465,13677342.35,213,Mission Creek213,212,<Null>,<Null>,<Null>,<Null>,<Null>,<Null>,<Null>,<Null>,1
364,Polygon,Mission Creek,84512.96957,5739.326133,1571649.453,212,Mission Creek212,211,<Null>,<Null>,<Null>,<Null>,<Null>,<Null>,<Null>,<Null>,1
363,Polygon,Mission Creek,84512.96957,16153.35779,8427353.234,211,Mission Creek211,210,<Null>,<Null>,08NM057,<Null>,<Null>,<Null>,<Null>,<Null>,1
266,Polygon,Mission Creek,84512.96957,5119.012674,802119.5468,210,Mission Creek210,209,<Null>,<Null>,08NM116,<Null>,<Null>,<Null>,<Null>,<Null>,1
42,Polygon,Mission Creek,84512.96957,5713.776028,1164722.009,209,Mission Creek209,203,<Null>,<Null>,<Null>,<Null>,<Null>,<Null>,<Null>,<Null>,1
77,Polygon,Mission Creek,84512.96957,13734.53459,6079726.86,208,Mission Creek208,201,Y,<Null>,<Null>,<Null>,<Null>,<Null>,<Null>,<Null>,1
39,Polygon,Mission Creek,84512.96957,34037.97718,24895262.61,207,Mission Creek207,201,Y,<Null>,<Null>,<Null>,<Null>,<Null>,<Null>,<Null>,1
41,Polygon,Mission Creek,84512.96957,26377.20682,15569421,206,Mission Creek206,202,Y,<Null>,<Null>,<Null>,<Null>,<Null>,<Null>,<Null>,1
40,Polygon,Mission Creek,84512.96957,12245.67838,6968173.405,205,Mission Creek205,202,Y,<Null>,<Null>,<Null>,<Null>,<Null>,<Null>,<Null>,1
75,Polygon,Mission Creek,84512.96957,1772.800138,113493.5288,204,Mission Creek204,202,Y,<Null>,<Null>,<Null>,<Null>,<Null>,<Null>,<Null>,1
368,Polygon,Mission Creek,84512.96957,1631.649184,135210.426,203,Mission Creek203,202,A,<Null>,<Null>,<Null>,<Null>,<Null>,<Null>,<Null>,1
74,Polygon,Mission Creek,84512.96957,10883.28208,2366643.686,202,Mission Creek202,201,Y,<Null>,<Null>,<Null>,<Null>,<Null>,<Null>,<Null>,1
367,Polygon,Mission Creek,84512.96957,9245.255376,1503987.805,201,Mission Creek201,-1,Y,<Null>,<Null>,<Null>,<Null>,<Null>,<Null>,<Null>,1
393,Polygon,Whiteman Creek,20254.67888,6063.887516,670312.2606,115,Whiteman Creek115,105,<Null>,Bouleau Lake,<Null>,<Null>,<Null>,<Null>,<Null>,<Null>,1
79,Polygon,Whiteman Creek,20254.67888,4151.717746,361217.4074,114,Whiteman Creek114,-1,Y,<Null>,08NM180,<Null>,<Null>,<Null>,<Null>,<Null>,1
13,Polygon,Whiteman Creek,20254.67888,7227.720749,1928152.846,113,Whiteman Creek113,112,<Null>,<Null>,<Null>,<Null>,<Null>,<Null>,<Null>,<Null>,1
12,Polygon,Whiteman Creek,20254.67888,13896.95356,4189268.903,112,Whiteman Creek112,110,<Null>,<Null>,<Null>,<Null>,<Null>,<Null>,<Null>,<Null>,1
11,Polygon,Whiteman Creek,20254.67888,17768.7629,9811263.61,111,Whiteman Creek111,101,<Null>,<Null>,<Null>,<Null>,<Null>,<Null>,<Null>,<Null>,1
10,Polygon,Whiteman Creek,20254.67888,22509.94708,17194077.67,110,Whiteman Creek110,101,<Null>,<Null>,<Null>,<Null>,<Null>,<Null>,<Null>,<Null>,1
9,Polygon,Whiteman Creek,20254.67888,24356.67932,18426927.72,109,Whiteman Creek109,107,<Null>,<Null>,<Null>,<Null>,<Null>,<Null>,<Null>,<Null>,1
8,Polygon,Whiteman Creek,20254.67888,22702.21466,11536037.34,108,Whiteman Creek108,114,A,<Null>,08NM046,<Null>,<Null>,<Null>,<Null>,<Null>,1
7,Polygon,Whiteman Creek,20254.67888,3810.933091,683481.8222,107,Whiteman Creek107,108,<Null>,<Null>,08NM174,<Null>,<Null>,<Null>,<Null>,<Null>,1
6,Polygon,Whiteman Creek,20254.67888,21697.29256,11044633.49,106,Whiteman Creek106,108,<Null>,<Null>,<Null>,<Null>,<Null>,<Null>,<Null>,<Null>,1
5,Polygon,Whiteman Creek,20254.67888,35984.99799,44479554.52,105,Whiteman Creek105,108,<Null>,<Null>,<Null>,<Null>,2F21,<Null>,<Null>,<Null>,1
4,Polygon,Whiteman Creek,20254.67888,14128.70188,8239356.995,104,Whiteman Creek104,103,<Null>,<Null>,<Null>,<Null>,<Null>,<Null>,<Null>,<Null>,1
3,Polygon,Whiteman Creek,20254.67888,19278.48498,8263010.43,103,Whiteman Creek103,115,<Null>,<Null>,<Null>,<Null>,<Null>,<Null>,<Null>,<Null>,1
2,Polygon,Whiteman Creek,20254.67888,18980.74928,10484625.63,102,Whiteman Creek102,105,<Null>,<Null>,<Null>,<Null>,<Null>,<Null>,<Null>,<Null>,1
1,Polygon,Whiteman Creek,20254.67888,39896.49923,55234868.24,101,Whiteman Creek101,107,<Null>,<Null>,<Null>,<Null>,<Null>,<Null>,<Null>,<Null>,1
